address,call_count,has_prologue,first_insn
0x01c0d226,42,1,"push {0x6}"
0x01c0ffb2,38,0,"mov r1,#0x500c0"
0x01c1007e,31,0,"<undecoded>"
0x01c0abea,26,1,"push {0x5}"
0x01c0b268,26,0,"<undecoded>"
0x01c0d622,25,1,"push {0x5}"
0x01c0acd2,21,0,"mov r0,#0x80"
0x01c0d1ee,21,1,"push {0x4}"
0x01c0a902,19,0,"mov r2,#0x13500"
0x01c0b1c8,18,0,"<undecoded>"
0x01c0d2e8,17,1,"push {0x4}"
0x01c0fbf0,16,1,"push {0x9}"
0x01c0b8c2,15,1,"push {0xd}"
0x01c0b57e,14,1,"push rets"
0x01c0b840,13,1,"push rets"
0x01c0a88c,12,0,"mov r1,#0x13e08"
0x01c0fc6c,11,1,"push {0x4}"
0x01c0fdb4,11,0,"mov r0,#0x1c115cc"
0x01c0fdfe,11,1,"push {0x8}"
0x01c0fe6a,11,1,"push {0x7}"
0x01c0aa2a,10,1,"push rets"
0x01c0b84c,10,1,"push rets"
0x01c0b364,9,1,"push {0x5}"
0x01c0b5da,9,0,"mov r1,r0"
0x01c0fabc,9,1,"push {0x8}"
0x01c0d3b4,8,0,"mov r1,r0"
0x01c0ac2a,7,0,"mov r1,r0"
0x01c10094,7,0,"<undecoded>"
0x01c0b95c,6,1,"push {0x9}"
0x01c0c4e2,6,1,"push {0x7}"
0x01c0dc24,6,1,"push {0xd}"
0x01c0a8a8,5,1,"push {0x5}"
0x01c0afd6,5,0,"goto 0x01c0af50"
0x01c0b926,5,1,"push {0x7}"
0x01c0c02e,5,0,"sb r1,[r0 + 0x1]"
0x01c0c110,5,1,"push {0x5}"
0x01c0d314,5,1,"push {0x7}"
0x01c0dace,5,1,"push rets"
0x01c0db22,5,1,"push {0xa}"
0x01c0a9c8,4,1,"push {0x5}"
0x01c0b61c,4,1,"push {0x5}"
0x01c0c032,4,1,"push {0x5}"
0x01c0c8d4,4,1,"push {0x4}"
0x01c0c99a,4,1,"push {0x5}"
0x01c0ca1a,4,0,"<undecoded>"
0x01c0d83a,4,1,"push {0xa}"
0x01c0de26,4,0,"<undecoded>"
0x01c0f9b8,4,1,"push rets"
0x01c0fa8e,4,1,"push rets"
0x01c0a966,3,1,"push {0x4}"
0x01c0aa88,3,1,"push {0x5}"
0x01c0ab66,3,0,"mov r0,#0xa0"
0x01c0ab72,3,0,"sw r0,[r0 + 0x0]"
0x01c0abca,3,0,"goto 0x01c0ab88"
0x01c0ace6,3,1,"push {0x5}"
0x01c0ae2e,3,1,"push rets"
0x01c0af48,3,0,"mov r2,r0"
0x01c0b584,3,0,"mov r2,#0x0"
0x01c0bac2,3,1,"push {0x8}"
0x01c0c95a,3,1,"push {0x4}"
0x01c0d766,3,1,"push {0x8}"
0x01c0d8ac,3,1,"push {0x9}"
0x01c0f9ce,3,1,"push {0x5}"
0x01c0fdce,3,1,"push {0x6}"
0x01c0ff8c,3,0,"mov r1,#0x1c102ec"
0x01c0a91e,2,1,"push {0x4}"
0x01c0aaea,2,1,"push {0x4}"
0x01c0ab32,2,0,"goto 0x01c0ab1e"
0x01c0ab78,2,0,"sw r0,[r2 + 0x4]"
0x01c0ab82,2,0,"mov r2,r1"
0x01c0acd8,2,0,"mov r0,#0x1c7fd88"
0x01c0ad06,2,0,"mov r0,#0x1c10374"
0x01c0aeaa,2,1,"push {0x5}"
0x01c0afd8,2,0,"goto 0x01c0ab66"
0x01c0b038,2,1,"push {0x8}"
0x01c0b232,2,1,"push {0x4}"
0x01c0b29e,2,1,"push {0x4}"
0x01c0b2ec,2,1,"push {0x4}"
0x01c0b522,2,0,"mov r0,#0x1c103c0"
0x01c0b5e0,2,1,"push {0x5}"
0x01c0b66a,2,1,"push {0x5}"
0x01c0b77e,2,1,"push {0x4}"
0x01c0b7a2,2,1,"push {0x5}"
0x01c0b85e,2,1,"push {0x4}"
0x01c0b894,2,1,"push {0x4}"
0x01c0ba86,2,0,"goto 0x01c0b9f8"
0x01c0ba88,2,1,"push {0x4}"
0x01c0bc10,2,1,"push {0x5}"
0x01c0bd76,2,0,"goto 0x01c0ab66"
0x01c0bf2e,2,0,"mov r0,#0x0"
0x01c0bf4c,2,0,"goto 0x01c0ab66"
0x01c0c02c,2,0,"rts"
0x01c0c0de,2,1,"push {0x5}"
0x01c0c160,2,1,"push {0x8}"
0x01c0c346,2,1,"push {0x5}"
0x01c0cf9e,2,1,"push {0x9}"
0x01c0d69c,2,1,"push {0xd}"
0x01c0d9fe,2,1,"push {0x5}"
0x01c0da52,2,1,"push {0x4}"
0x01c0dd82,2,1,"push {0x8}"
0x01c0e3ee,2,0,"mov r2,#0x1c112d0"
0x01c0ed36,2,1,"push {0xf}"
0x01c0efc0,2,1,"push {0xf}"
0x01c0fd1c,2,1,"push {0xc}"
0x01c0aa5e,1,1,"push {0x6}"
0x01c0ab34,1,1,"push rets"
0x01c0ab58,1,0,"goto 0x01c0f8ec"
0x01c0ab5c,1,0,"mov r1,#0x1c103c0"
0x01c0ab70,1,0,"goto 0x01c0ab66"
0x01c0abcc,1,1,"push {0x4}"
0x01c0ac42,1,1,"push rets"
0x01c0ac88,1,1,"push rets"
0x01c0aca8,1,1,"push rets"
0x01c0ad12,1,1,"push {0x5}"
0x01c0ad7a,1,0,"<undecoded>"
0x01c0adc2,1,1,"push rets"
0x01c0aeee,1,1,"push rets"
0x01c0af08,1,1,"push rets"
0x01c0af22,1,1,"push rets"
0x01c0afda,1,1,"push {0x5}"
0x01c0b01a,1,1,"push rets"
0x01c0b0c8,1,1,"push {0x6}"
0x01c0b11c,1,1,"push {0x5}"
0x01c0b1f6,1,1,"push {0x4}"
0x01c0b33a,1,1,"push {0x4}"
0x01c0b3d4,1,1,"push {0x6}"
0x01c0b436,1,1,"push {0x6}"
0x01c0b4b2,1,1,"push {0x4}"
0x01c0b548,1,1,"push {0x4}"
0x01c0b574,1,0,"mov r1,#0x1c10370"
0x01c0b59a,1,1,"push {0x6}"
0x01c0b5d4,1,0,"mov r1,#0x40"
0x01c0b6d2,1,1,"push {0xc}"
0x01c0b824,1,1,"push {0x5}"
0x01c0bb62,1,1,"push {0x7}"
0x01c0bbea,1,1,"push {0x4}"
0x01c0bcb0,1,1,"push {0x8}"
0x01c0bd1c,1,1,"push {0x4}"
0x01c0bd3e,1,0,"mov r0,#0x1eee240"
0x01c0bd62,1,1,"push rets"
0x01c0bd7a,1,1,"push {0x4}"
0x01c0bdba,1,1,"push {0x4}"
0x01c0bf50,1,0,"mov r0,#0x0"
0x01c0c0d8,1,0,"<undecoded>"
0x01c0c1dc,1,0,"csync"
0x01c0c22a,1,0,"csync"
0x01c0c262,1,0,"<undecoded>"
0x01c0c384,1,1,"push {0xe}"
0x01c0c52a,1,1,"push {0x6}"
0x01c0c584,1,1,"push {0x7}"
0x01c0c68e,1,0,"lb.z r0,[r5 + 0x7]"
0x01c0c736,1,0,"goto 0x01c0c670"
0x01c0c750,1,1,"push {0x4}"
0x01c0c784,1,0,"mov r1,r0"
0x01c0c790,1,1,"push rets"
0x01c0c7ac,1,0,"mov r1,r0"
0x01c0c7e6,1,1,"push {0x7}"
0x01c0c864,1,1,"push {0x7}"
0x01c0c90c,1,1,"push {0x6}"
0x01c0c9de,1,0,"mov r1,#0x1c10300"
0x01c0c9ea,1,0,"mov r1,#0x1c0d3c0"
0x01c0c9f6,1,0,"mov r1,#0x1c0d3c4"
0x01c0ca02,1,0,"mov r1,#0x1c0d408"
0x01c0ca0e,1,0,"mov r1,#0x1c0d3e6"
0x01c0ca2a,1,0,"mov r1,#0x48"
0x01c0ca2e,1,0,"mov r1,#0x40"
0x01c0ca32,1,0,"mov r1,#0xa"
0x01c0cab2,1,1,"push {0xa}"
0x01c0d084,1,0,"<undecoded>"
0x01c0d15a,1,0,"sh r2,[r5 + 0x6]"
0x01c0d1ea,1,0,"goto 0x01c0a902"
0x01c0d650,1,1,"push {0x4}"
0x01c0d74c,1,0,"mov r0,#0x1c10275"
0x01c0d822,1,1,"push {0x5}"
0x01c0d9ac,1,1,"push {0x6}"
0x01c0da74,1,1,"push {0x8}"
0x01c0dae4,1,0,"<undecoded>"
0x01c0db02,1,0,"mov r2,#0x1c112d0"
0x01c0df9e,1,0,"xor r0,r1"
0x01c0dfe2,1,1,"push {0xf}"
0x01c0e1c8,1,0,"<undecoded>"
0x01c0e27a,1,0,"<undecoded>"
0x01c0e294,1,0,"nop"
0x01c0e2fa,1,0,"<undecoded>"
0x01c0e41c,1,1,"push {0xf}"
0x01c0e556,1,0,"call 0x01c0b8c2"
0x01c0e5a8,1,0,"mov r0_r1,r4_r5"
0x01c0e60e,1,1,"push {0x8}"
0x01c0e66c,1,1,"push {0x9}"
0x01c0e714,1,1,"push {0xf}"
0x01c0e884,1,0,"mov r0,r13"
0x01c0e8ca,1,0,"mov r0,r13"
0x01c0e9e2,1,0,"mov r0,r9"
0x01c0f2ae,1,1,"push rets"
0x01c0f2e4,1,1,"push {0x5}"
0x01c0f342,1,1,"push rets"
0x01c0f7f8,1,0,"<undecoded>"
0x01c0f814,1,1,"push {0x6}"
0x01c0f856,1,1,"push {0xc}"
0x01c0f9fe,1,1,"push {0x5}"
0x01c0fafa,1,1,"push {0x8}"
0x01c0fbd8,1,1,"push {0x4}"
0x01c0fc62,1,0,"mov r0,#0x1c102f4"
0x01c0ff78,1,0,"mov r1,#0x1c102e4"
0x01c0ff82,1,0,"mov r1,#0x1c102e8"
0x01c0ff96,1,1,"push rets"
0x01c0ffd2,1,1,"push {0x4}"
0x01c100b0,1,1,"push {0x7}"
0x01c1010e,1,0,"<undecoded>"
0x01c1012a,1,0,"<undecoded>"
0x01c10146,1,0,"mov r0,#0x1c1031c"
0x01c10150,1,0,"add sp,#-0x4"
0x01c10166,1,0,"csync"
0x01c10178,1,0,"csync"
0x01c10190,1,0,"cli"
0x01c1022c,1,0,"mov r3,r1"
0x01c10236,1,0,"mov r1,#0x1eef100"
0x01c1024c,1,1,"push {0x4}"
0x01c0a800,0,0,"mov r5,r0"
