address,call_count
0x02007a20,261
0x02042642,215
0x02083b42,215
0x02058b0c,166
0x02042f08,164
0x02000292,161
0x02083b5a,141
0x0205789a,120
0x020847da,115
0x0201e724,99
0x02042730,98
0x0208478a,82
0x0204260a,75
0x0203560c,73
0x0205672e,72
0x02026824,71
0x0207470c,71
0x0204283e,68
0x02012c54,64
0x0205b036,63
0x02057f9e,61
0x0200843c,59
0x0205e1e4,58
0x02083b72,52
0x02007e50,48
0x02059a62,48
0x0205ae98,48
0x0205f1aa,48
0x0205a7e0,47
0x0200e1d4,46
0x02083d94,42
0x020085ae,41
0x0201f07e,39
0x020080d4,38
0x020174ec,38
0x02003904,37
0x02028fdc,37
0x020856c8,36
0x020079c2,35
0x020292ba,35
0x0205b19c,35
0x020292fc,34
0x0202970a,34
0x020035e4,33
0x02012e96,33
0x020016d2,32
0x020025da,32
0x02018c84,32
0x02075d2c,32
0x0205ec50,31
0x02018c4e,30
0x02017f22,29
0x02018ae8,29
0x02029f28,29
0x02008966,28
0x02018c9c,28
0x02003d60,27
0x020199b8,27
0x0205e110,27
0x020668a2,27
0x0205a7c2,26
0x02083b00,26
0x02003c7c,25
0x0200bbf4,25
0x020199a0,25
0x020199ac,25
0x0207d1d0,25
0x0207d1d8,25
0x02003e80,24
0x020188be,24
0x02019ace,24
0x02019e6a,24
0x020037b4,23
0x020080ac,23
0x0200912e,23
0x020188a0,23
0x02076a12,23
0x0208151e,23
0x02009824,22
0x02012c84,22
0x020350c2,22
0x0206db14,22
0x0208140e,22
0x0200197e,21
0x02002612,20
0x02018be2,20
0x02018cd0,20
0x0205ebde,20
0x02074b62,20
0x020038a2,19
0x02005648,19
0x020081bc,19
0x02028fd2,19
0x0205e036,19
0x02061cca,19
0x0206d876,19
0x02086b76,19
0x0200c18a,18
0x02019408,18
0x02036e62,18
0x020596ec,18
0x02059a68,18
0x0205b806,18
0x0206e21e,18
0x02083f48,18
0x02083fe0,18
0x020857b4,18
0x02003a9e,17
0x02005782,17
0x02008216,17
0x02008804,17
0x0200c262,17
0x02018c62,17
0x02019952,17
0x02019aa8,17
0x0201a258,17
0x0201d4f8,17
0x02058ad0,17
0x0206dbda,17
0x0206e4ba,17
0x0206f732,17
0x020813ce,17
0x0205a09c,16
0x020731c8,16
0x020794b4,16
0x0207df44,16
0x02008502,15
0x020094ca,15
0x020109cc,15
0x020273be,15
0x0206689a,15
0x02073206,15
0x02083aca,15
0x020848d0,15
0x02003712,14
0x0200a55c,14
0x0200d388,14
0x0201e764,14
0x0201eb20,14
0x0201f11c,14
0x0202a4ee,14
0x02038d22,14
0x02055c00,14
0x0206f6e4,14
0x0207346c,14
0x02078836,14
0x020848b0,14
0x02005592,13
0x02007d04,13
0x020108a6,13
0x02019a56,13
0x0201db5e,13
0x0201db72,13
0x020369cc,13
0x0205c618,13
0x0205e736,13
0x020734e0,13
0x0207471a,13
0x02074736,13
0x02074756,13
0x0207893e,13
0x020032b8,12
0x020089c2,12
0x0200938c,12
0x02019ac0,12
0x0201d33a,12
0x0201eeec,12
0x0202832e,12
0x0202a6a8,12
0x02036d0a,12
0x02058c0e,12
0x0206db6e,12
0x02070706,12
0x020734a8,12
0x02075284,12
0x0207b358,12
0x02084700,12
0x02084bbe,12
0x0200b832,11
0x02019984,11
0x0202975a,11
0x02058f26,11
0x02059212,11
0x0205e594,11
0x02061d6a,11
0x0206db5e,11
0x02075172,11
0x02075888,11
0x0207e788,11
0x02080188,11
0x020812ce,11
0x020814da,11
0x020824fa,11
0x02084862,11
0x0208570a,11
0x0208574e,11
0x02001ab0,10
0x0200584c,10
0x02008016,10
0x020084bc,10
0x02008528,10
0x02009fac,10
0x0200bc1c,10
0x0200d46a,10
0x02018bba,10
0x02018d08,10
0x02019a06,10
0x020282d8,10
0x0202a682,10
0x02036e76,10
0x0205668e,10
0x0205e8b2,10
0x02066a56,10
0x02066aa8,10
0x0206dcea,10
0x0206e6c4,10
0x0206f6f8,10
0x0206f718,10
0x020753b8,10
0x0207e510,10
0x020020a0,9
0x02004036,9
0x0200541a,9
0x02005676,9
0x02007eac,9
0x020086c8,9
0x02008d96,9
0x020094c2,9
0x02012b8c,9
0x02019dd2,9
0x0201a2a0,9
0x0201e58e,9
0x0201fe64,9
0x0202171c,9
0x02026374,9
0x02026f84,9
0x02029f6c,9
0x0202a09a,9
0x0202abfa,9
0x020306c6,9
0x02042a04,9
0x02043384,9
0x02058c88,9
0x0205900c,9
0x0205c610,9
0x0205ebc8,9
0x02065686,9
0x020658dc,9
0x0206e382,9
0x0206e500,9
0x0206f154,9
0x0206f6ba,9
0x02073132,9
0x02076156,9
0x02076a42,9
0x0207735e,9
0x02078ab0,9
0x0207b27c,9
0x020038ec,8
0x02003f3c,8
0x02003f78,8
0x02005a88,8
0x020081a4,8
0x020081c2,8
0x02008720,8
0x02012c06,8
0x0202558a,8
0x0202af06,8
0x0202b158,8
0x020351a8,8
0x02036c68,8
0x0203c8b2,8
0x0203ccb2,8
0x0203ef56,8
0x02059aa0,8
0x0205e71e,8
0x0206e278,8
0x0206ee84,8
0x02072ea0,8
0x02073510,8
0x02075650,8
0x020794c0,8
0x0207b352,8
0x02081760,8
0x020856a0,8
0x020856e2,8
0x0200053a,7
0x0200083a,7
0x020037c8,7
0x02007ea2,7
0x020086f4,7
0x02009d2c,7
0x0200d7fc,7
0x0200d9f6,7
0x02018912,7
0x02019a14,7
0x0201d69c,7
0x0201eb2e,7
0x02021764,7
0x02027346,7
0x02029f62,7
0x0202aef8,7
0x0202caa0,7
0x02033796,7
0x02037766,7
0x02038296,7
0x020389ce,7
0x02058a66,7
0x020593ac,7
0x0205e018,7
0x0205e2b4,7
0x0205f114,7
0x0205fb3c,7
0x02062190,7
0x0206aa06,7
0x0206e532,7
0x0206ef16,7
0x0206efc6,7
0x0206f6d4,7
0x02073394,7
0x02074b2e,7
0x02074b42,7
0x0207523e,7
0x02075658,7
0x02076b2a,7
0x0207707a,7
0x0207886c,7
0x0207a438,7
0x0207d25a,7
0x0207e8bc,7
0x02081358,7
0x02081372,7
0x02081562,7
0x02083b1e,7
0x02083dac,7
0x02084564,7
0x02084824,7
0x020007a8,6
0x02000c48,6
0x02005500,6
0x02005598,6
0x020081b0,6
0x02008582,6
0x020089ea,6
0x02009e12,6
0x0200a578,6
0x0200a5e2,6
0x0200a5fc,6
0x0200b59c,6
0x0200d4ac,6
0x0200d8e0,6
0x0200e1c8,6
0x0200f632,6
0x02017554,6
0x02017e6a,6
0x0201ec5e,6
0x0201f3fc,6
0x02026478,6
0x0202681e,6
0x020283b4,6
0x020291f0,6
0x0202b3d6,6
0x0202b652,6
0x0202b6f4,6
0x0202be28,6
0x0202ca26,6
0x0202d1c2,6
0x02037566,6
0x020376d0,6
0x02037878,6
0x020427d0,6
0x02058b82,6
0x02059ab2,6
0x02059d7e,6
0x02059e76,6
0x0205a922,6
0x0205c5b8,6
0x0205eea6,6
0x0205fb60,6
0x02060cc2,6
0x02061e84,6
0x02061e9a,6
0x020657f4,6
0x020663ce,6
0x020669b2,6
0x02066baa,6
0x02068582,6
0x0206863a,6
0x0206db26,6
0x0206e4d8,6
0x0206f268,6
0x0206f3a6,6
0x0207513c,6
0x02075492,6
0x020754aa,6
0x0207626c,6
0x020762a6,6
0x020764d0,6
0x02078972,6
0x0207b332,6
0x0207d1e8,6
0x0207d212,6
0x02080986,6
0x02083dd0,6
0x02083e40,6
0x02083e64,6
0x02084570,6
0x02084872,6
0x0208578c,6
0x020006ae,5
0x02000856,5
0x020020de,5
0x020056fc,5
0x0200783c,5
0x02008518,5
0x02008ac4,5
0x02008bac,5
0x02009468,5
0x0200965c,5
0x02009e36,5
0x0200a5ae,5
0x0200b87c,5
0x020100ce,5
0x020102da,5
0x020174b2,5
0x02018ab4,5
0x02018d14,5
0x02019968,5
0x02019976,5
0x02019992,5
0x0201f5f4,5
0x020201dc,5
0x02021704,5
0x02021732,5
0x02021740,5
0x02026f62,5
0x02026f8e,5
0x02026fc2,5
0x02027020,5
0x02028d1e,5
0x02028fc6,5
0x0202971a,5
0x0202a20a,5
0x0202ab50,5
0x0202b21e,5
0x0202d41e,5
0x0202e1e2,5
0x0203386c,5
0x0203392c,5
0x02036478,5
0x02036906,5
0x02036d1e,5
0x02037622,5
0x0203763e,5
0x02038ed0,5
0x0203967c,5
0x0203f0b0,5
0x0204271c,5
0x0204284a,5
0x0204327a,5
0x02058bbe,5
0x02059174,5
0x0205e88c,5
0x0205f052,5
0x0205f178,5
0x0205fa96,5
0x02060488,5
0x02061f92,5
0x020627b4,5
0x02062f0c,5
0x02065fac,5
0x020666f4,5
0x020667c0,5
0x02068650,5
0x0206e09a,5
0x0206e238,5
0x02070716,5
0x02072168,5
0x02072f86,5
0x020732b2,5
0x02073962,5
0x02073bde,5
0x02074784,5
0x0207563e,5
0x02075742,5
0x02075758,5
0x02075780,5
0x02075870,5
0x0207587c,5
0x0207605e,5
0x02076310,5
0x02076472,5
0x02076c90,5
0x02076cca,5
0x0207704e,5
0x020770e8,5
0x020777ac,5
0x02078528,5
0x02078680,5
0x02079f8a,5
0x0207a00a,5
0x0207a7f0,5
0x0207b4bc,5
0x0207c5dc,5
0x0207d1b8,5
0x0207d74e,5
0x0207e2a8,5
0x0207e346,5
0x0207ea7e,5
0x0208016a,5
0x020809e0,5
0x02080b88,5
0x02081282,5
0x02081538,5
0x0208252c,5
0x02083df6,5
0x02083e1c,5
0x02083e8a,5
0x02083ea0,5
0x02083eb2,5
0x0208457c,5
0x02084588,5
0x0208b604,5
0x020007c2,4
0x02000848,4
0x020008b0,4
0x020023e8,4
0x020032f4,4
0x020035d0,4
0x0200372c,4
0x02003b7c,4
0x0200457a,4
0x02005438,4
0x02005952,4
0x02006a14,4
0x02006ac2,4
0x020078b8,4
0x02007f8c,4
0x02009494,4
0x02009e02,4
0x02009ed0,4
0x02009fc8,4
0x0200a684,4
0x0200a872,4
0x0200b5d6,4
0x0200b820,4
0x0200d352,4
0x0200e980,4
0x0201030a,4
0x02012d04,4
0x02012dcc,4
0x02017582,4
0x0201760c,4
0x0201797c,4
0x02018958,4
0x02019a62,4
0x02019a70,4
0x02019a7e,4
0x02019a8c,4
0x02019a9a,4
0x0201d328,4
0x0201dab8,4
0x0201eb28,4
0x0201ee96,4
0x0201fdde,4
0x02020b90,4
0x0202510e,4
0x0202657e,4
0x02026fae,4
0x020283d0,4
0x02028c7c,4
0x0202b498,4
0x0202b8ea,4
0x0202ba86,4
0x0202e904,4
0x0202e9be,4
0x0202eaee,4
0x020309fa,4
0x02030a7c,4
0x02030bd8,4
0x02032490,4
0x020328f4,4
0x02032902,4
0x020329e6,4
0x02033948,4
0x02033964,4
0x02034852,4
0x02034a52,4
0x02036586,4
0x02036a70,4
0x020377f8,4
0x0203781e,4
0x0203862a,4
0x0203869a,4
0x02039712,4
0x0203aac0,4
0x0203b58e,4
0x0203c92a,4
0x0203ce06,4
0x0203f018,4
0x02042e76,4
0x02042f6a,4
0x020432ce,4
0x020565a6,4
0x02057f96,4
0x02058c9e,4
0x020590fc,4
0x0205b520,4
0x0205cb52,4
0x0205e25a,4
0x0205e292,4
0x0205f928,4
0x02060c42,4
0x02061782,4
0x02062356,4
0x020623f4,4
0x02062a98,4
0x02062daa,4
0x020651c8,4
0x020656f6,4
0x02065986,4
0x020667d8,4
0x02066af6,4
0x02066b76,4
0x02068432,4
0x02068618,4
0x0206c4a4,4
0x0206ca32,4
0x0206caec,4
0x0206cb86,4
0x0206f260,4
0x0206f4f8,4
0x0206f938,4
0x0206f9d8,4
0x0206fd10,4
0x0206ff28,4
0x0207391c,4
0x02073b5e,4
0x02073d18,4
0x02074060,4
0x020747ba,4
0x020755f0,4
0x020757f6,4
0x02076298,4
0x02076300,4
0x0207635c,4
0x02076b7a,4
0x02076c00,4
0x02076fcc,4
0x0207861e,4
0x020794a0,4
0x0207a764,4
0x0207a794,4
0x0207aaae,4
0x0207abe4,4
0x0207b22c,4
0x0207b28c,4
0x0207b338,4
0x0207b3b8,4
0x0207b3d2,4
0x0207b5b0,4
0x0207b5ce,4
0x0207c552,4
0x0207d1f0,4
0x0207d286,4
0x0207d2e4,4
0x0207d306,4
0x0207d3fc,4
0x0207db7a,4
0x0207dd84,4
0x0207dda8,4
0x0207ddf6,4
0x0207dfea,4
0x0207e320,4
0x0207e386,4
0x0207e540,4
0x0207e7aa,4
0x0207e7e4,4
0x020808e8,4
0x02080dfe,4
0x02081292,4
0x02083aa4,4
0x02083cf4,4
0x02083f62,4
0x0208434e,4
0x0208437c,4
0x020847aa,4
0x020848a6,4
0x02084b74,4
0x0200089c,3
0x020009ec,3
0x0200167e,3
0x0200168a,3
0x02001958,3
0x02001a74,3
0x02001f7a,3
0x02001fa8,3
0x020021fc,3
0x020030f8,3
0x020033c4,3
0x020035f4,3
0x0200380a,3
0x020039be,3
0x0200407a,3
0x02005bb2,3
0x02005ce4,3
0x02005cfe,3
0x0200675a,3
0x020069a6,3
0x020080ea,3
0x020082e4,3
0x0200850c,3
0x0200856c,3
0x020092dc,3
0x0200993c,3
0x0200b546,3
0x0200bbe4,3
0x0200d274,3
0x0200d99c,3
0x0200d9c0,3
0x0200d9e4,3
0x0200e228,3
0x0200e24c,3
0x0200e898,3
0x0200ef3a,3
0x02017008,3
0x020175ac,3
0x02018bf0,3
0x02018bfe,3
0x020197d2,3
0x020198ce,3
0x02019c62,3
0x0201a2b4,3
0x0201a7e2,3
0x0201bd44,3
0x0201d532,3
0x0201d9d0,3
0x0201e9a4,3
0x0201f0d0,3
0x0201f144,3
0x02020552,3
0x02021820,3
0x020223ba,3
0x02022cea,3
0x02022cfe,3
0x0202423c,3
0x020254b8,3
0x020264b8,3
0x020267bc,3
0x02026870,3
0x020273c6,3
0x020277d8,3
0x0202799e,3
0x02027dd0,3
0x020282be,3
0x020284e2,3
0x0202896e,3
0x02028b44,3
0x02028ff2,3
0x0202a1d8,3
0x0202b4d0,3
0x0202b5cc,3
0x0202b70c,3
0x0202bcbe,3
0x0202bcde,3
0x0202c19a,3
0x0202ca16,3
0x0202cb46,3
0x0202dd52,3
0x0202e116,3
0x0202e5ce,3
0x0202e80e,3
0x0202eb9e,3
0x0202ebc2,3
0x0202f180,3
0x0202faf2,3
0x0202fd5e,3
0x0203091c,3
0x020309b4,3
0x02031780,3
0x02031ad0,3
0x02031ad6,3
0x02032a68,3
0x02032c10,3
0x020335f4,3
0x020337f2,3
0x02033978,3
0x020348f0,3
0x02034a28,3
0x02034a3c,3
0x02034c38,3
0x02034ed2,3
0x0203500e,3
0x02035044,3
0x020350d0,3
0x020350e8,3
0x0203657a,3
0x02036678,3
0x02036758,3
0x0203675e,3
0x02036842,3
0x020369e0,3
0x02036bee,3
0x02036d2a,3
0x02036d36,3
0x02036e3e,3
0x02036eaa,3
0x020376a8,3
0x020378a6,3
0x02038702,3
0x02038d74,3
0x020395c6,3
0x0203b3aa,3
0x0203b4a2,3
0x0203b594,3
0x0203c19a,3
0x0203e03c,3
0x0203e2a8,3
0x0203e376,3
0x020404ae,3
0x0204055a,3
0x020405c0,3
0x020413fa,3
0x02042564,3
0x02042e72,3
0x0204331a,3
0x02055d48,3
0x02056670,3
0x020566f0,3
0x02057fb8,3
0x020594d6,3
0x020596f8,3
0x0205a3f0,3
0x0205a440,3
0x0205b1d0,3
0x0205b690,3
0x0205b89a,3
0x0205be12,3
0x0205cac2,3
0x0205e1ca,3
0x0205e248,3
0x0205e37a,3
0x0205ea6a,3
0x0205ebbc,3
0x0205ecec,3
0x0205ed7e,3
0x0205eeba,3
0x0205ef76,3
0x0205f8f8,3
0x0205fc1c,3
0x0205fc4e,3
0x0205fc60,3
0x0205fcc4,3
0x0205fd84,3
0x02060772,3
0x0206113c,3
0x02061728,3
0x0206173c,3
0x02061748,3
0x02061756,3
0x02061f40,3
0x0206201a,3
0x020627de,3
0x0206281e,3
0x02062bf6,3
0x0206321e,3
0x02063950,3
0x02065188,3
0x020656ac,3
0x020657d4,3
0x02065bf6,3
0x020660a2,3
0x020667aa,3
0x02066854,3
0x0206699e,3
0x02066cfa,3
0x02068410,3
0x0206855c,3
0x020688d4,3
0x02068956,3
0x02068998,3
0x020690e6,3
0x02069a92,3
0x02069b62,3
0x0206b004,3
0x0206b394,3
0x0206b4b8,3
0x0206bfa2,3
0x0206cb0c,3
0x0206d816,3
0x0206dbaa,3
0x0206dca4,3
0x0206dcfe,3
0x0206e1f6,3
0x0206e72e,3
0x0206f05e,3
0x0206f072,3
0x0206f0e2,3
0x0206f0ec,3
0x0206f15c,3
0x0206f242,3
0x0206f2f8,3
0x0206f37a,3
0x0206f908,3
0x0206ff90,3
0x02070b86,3
0x0207232a,3
0x02072b46,3
0x02073404,3
0x02073754,3
0x02073cae,3
0x020747e6,3
0x02074a04,3
0x020751b0,3
0x020754c6,3
0x0207562a,3
0x02075724,3
0x02076284,3
0x02076b60,3
0x02076f6a,3
0x02077070,3
0x02077084,3
0x02078424,3
0x02078596,3
0x0207875c,3
0x020787da,3
0x020799c2,3
0x02079c22,3
0x02079f50,3
0x02079fd8,3
0x0207a812,3
0x0207b2c4,3
0x0207b2ea,3
0x0207b556,3
0x0207b752,3
0x0207b7dc,3
0x0207c440,3
0x0207d18a,3
0x0207d20a,3
0x0207d29e,3
0x0207dc0c,3
0x0207dd38,3
0x0207e2e4,3
0x0207e30c,3
0x0207e3ee,3
0x0207e75a,3
0x0207e818,3
0x0207e90c,3
0x0207e938,3
0x0207f5f6,3
0x0208019a,3
0x0208033a,3
0x0208090a,3
0x020809a0,3
0x02080a06,3
0x02080ec4,3
0x020814e4,3
0x02081a46,3
0x020824de,3
0x02082cfe,3
0x0208392c,3
0x02083d3c,3
0x02083d7a,3
0x02083fb0,3
0x020847f2,3
0x02084896,3
0x02084b88,3
0x02087a26,3
0x0200088a,2
0x02000992,2
0x02000c1a,2
0x02001970,2
0x02002154,2
0x02002160,2
0x020021ce,2
0x020023f8,2
0x020026a8,2
0x020026ce,2
0x0200273a,2
0x02003210,2
0x020033a2,2
0x02003a52,2
0x02003b52,2
0x02003c52,2
0x02004014,2
0x02004058,2
0x020055ca,2
0x02005632,2
0x02005680,2
0x020057b8,2
0x020058bc,2
0x020058d2,2
0x020059da,2
0x020059f0,2
0x020060d8,2
0x020067b0,2
0x02006882,2
0x02006d84,2
0x0200707c,2
0x02007d0e,2
0x02007e88,2
0x02008598,2
0x0200861a,2
0x02008880,2
0x02008a2a,2
0x02008a82,2
0x02008d82,2
0x02008d8c,2
0x020092e6,2
0x02009d18,2
0x02009f92,2
0x0200a7d0,2
0x0200aca6,2
0x0200b6d4,2
0x0200b6fe,2
0x0200b896,2
0x0200c236,2
0x0200d2dc,2
0x0200d330,2
0x0200d984,2
0x0200e886,2
0x0201001a,2
0x0201004a,2
0x02010200,2
0x020109e4,2
0x02014d30,2
0x02014ec8,2
0x02014fde,2
0x02015612,2
0x0201582a,2
0x02017000,2
0x0201742e,2
0x02017656,2
0x0201800a,2
0x02018038,2
0x020188cc,2
0x02018bae,2
0x02018ce2,2
0x02018d7a,2
0x02018ec6,2
0x0201909e,2
0x0201989c,2
0x020198b0,2
0x02019bb4,2
0x0201bf96,2
0x0201cdcc,2
0x0201d51e,2
0x0201d650,2
0x0201d99c,2
0x0201da10,2
0x0201dd0a,2
0x0201e572,2
0x0201ede0,2
0x0201eee0,2
0x0201f064,2
0x0201f070,2
0x0201f200,2
0x0201f368,2
0x0201f46c,2
0x02020042,2
0x0202058a,2
0x02021444,2
0x020215ea,2
0x0202174c,2
0x02021758,2
0x02021806,2
0x02021814,2
0x02022106,2
0x02022282,2
0x02022310,2
0x02023ea0,2
0x020253ba,2
0x020264c4,2
0x020264fc,2
0x0202650a,2
0x02026886,2
0x02026894,2
0x020268a8,2
0x020268b6,2
0x02026bc4,2
0x0202703c,2
0x0202707c,2
0x020270da,2
0x02027112,2
0x02027292,2
0x02027382,2
0x020274de,2
0x020277ee,2
0x02027858,2
0x020279a8,2
0x02027af4,2
0x02027ee2,2
0x02028136,2
0x02028186,2
0x02028220,2
0x0202847a,2
0x02028512,2
0x020285d4,2
0x02028998,2
0x02028c42,2
0x02028d8a,2
0x02029042,2
0x02029210,2
0x02029352,2
0x02029fde,2
0x0202a468,2
0x0202a5f6,2
0x0202a65c,2
0x0202af10,2
0x0202b10c,2
0x0202b136,2
0x0202b53a,2
0x0202b5e6,2
0x0202b77c,2
0x0202b7b0,2
0x0202b7c8,2
0x0202b7f2,2
0x0202bec6,2
0x0202c172,2
0x0202c540,2
0x0202cd42,2
0x0202cf16,2
0x0202d990,2
0x0202dd30,2
0x0202de3a,2
0x0202e0fa,2
0x0202e108,2
0x0202e190,2
0x0202e4e6,2
0x0202e774,2
0x0202e8c2,2
0x0202ea36,2
0x0202eb74,2
0x0202ebe4,2
0x0202ec06,2
0x0202f62c,2
0x0202fe2e,2
0x020308ea,2
0x02030942,2
0x020318b0,2
0x02031a18,2
0x02031a8a,2
0x02031dfe,2
0x02031e70,2
0x02032140,2
0x02032a08,2
0x02032a90,2
0x02032be2,2
0x020330b4,2
0x020333a6,2
0x0203353c,2
0x02033782,2
0x020339ea,2
0x02033a62,2
0x02033a7e,2
0x02033a8c,2
0x020348cc,2
0x02034aee,2
0x02034b04,2
0x02034b2c,2
0x02034c68,2
0x02034e02,2
0x02035022,2
0x02035036,2
0x020350ee,2
0x020351ba,2
0x020351c6,2
0x020351f4,2
0x02035258,2
0x02035630,2
0x02036192,2
0x020361aa,2
0x02036448,2
0x0203645c,2
0x020364e0,2
0x020365c8,2
0x0203661e,2
0x0203681c,2
0x020368a8,2
0x020369d2,2
0x02036be4,2
0x02036bf8,2
0x02036cde,2
0x02036dc4,2
0x02036e58,2
0x02036e68,2
0x02036f6c,2
0x0203741c,2
0x02037498,2
0x020375f2,2
0x02037636,2
0x020376a0,2
0x02037702,2
0x020377aa,2
0x020377e4,2
0x020378c4,2
0x0203791e,2
0x02037926,2
0x0203855c,2
0x02038636,2
0x020386a8,2
0x02038cce,2
0x02038df2,2
0x02038e34,2
0x020396e0,2
0x0203a6cc,2
0x0203a75c,2
0x0203ae92,2
0x0203aece,2
0x0203b39e,2
0x0203b3b6,2
0x0203c0ae,2
0x0203c3f8,2
0x0203cd70,2
0x0203d97a,2
0x0203dbb4,2
0x0203e438,2
0x0203e720,2
0x0203e962,2
0x0203eb14,2
0x0203edba,2
0x0203ee9e,2
0x0203eec8,2
0x0203eeee,2
0x0203f6e0,2
0x0203f730,2
0x0203f79a,2
0x0203f838,2
0x02040074,2
0x02040602,2
0x02040cfc,2
0x02040d2e,2
0x02040df0,2
0x02042878,2
0x020429c4,2
0x020429e2,2
0x02042e70,2
0x02042e78,2
0x02042f34,2
0x0204334e,2
0x02055c36,2
0x020560dc,2
0x02057892,2
0x02058446,2
0x0205884a,2
0x02058cc2,2
0x0205924e,2
0x02059580,2
0x02059722,2
0x02059a44,2
0x02059b94,2
0x02059cfa,2
0x0205a120,2
0x0205a1ba,2
0x0205a4ac,2
0x0205a580,2
0x0205a89a,2
0x0205a8be,2
0x0205b47a,2
0x0205b4e0,2
0x0205b7da,2
0x0205b7e2,2
0x0205b86e,2
0x0205b8d8,2
0x0205c454,2
0x0205c45e,2
0x0205c584,2
0x0205cb3e,2
0x0205cb48,2
0x0205cb5e,2
0x0205cb9c,2
0x0205cba8,2
0x0205cbbc,2
0x0205df56,2
0x0205e280,2
0x0205e2c6,2
0x0205e2d0,2
0x0205e2ee,2
0x0205e962,2
0x0205ecc4,2
0x0205ee48,2
0x0205ee86,2
0x0205efb8,2
0x0205efce,2
0x0205f032,2
0x0205f138,2
0x0205f14e,2
0x0205f16c,2
0x0205f74e,2
0x0205f81e,2
0x0205f82a,2
0x0205fb78,2
0x0205fc14,2
0x0205fcac,2
0x0205fce8,2
0x0205fd08,2
0x02060382,2
0x02060714,2
0x02060758,2
0x02060780,2
0x020608e6,2
0x02060c80,2
0x02060c9e,2
0x020611a0,2
0x020611cc,2
0x02061cf6,2
0x02061d0c,2
0x020621d0,2
0x02062c10,2
0x02062dee,2
0x02062ec4,2
0x02062f40,2
0x02063252,2
0x02063268,2
0x0206342e,2
0x02063482,2
0x02063620,2
0x02063706,2
0x02063738,2
0x020637d8,2
0x02063866,2
0x020638a0,2
0x020639b0,2
0x020644e0,2
0x02064522,2
0x02064540,2
0x02064554,2
0x020645a0,2
0x020645fc,2
0x02064ab6,2
0x02064e1a,2
0x02065196,2
0x0206537e,2
0x02065576,2
0x0206558e,2
0x020658fe,2
0x02065956,2
0x02065b66,2
0x02066162,2
0x020663e4,2
0x02066424,2
0x020664b0,2
0x020664b6,2
0x0206650e,2
0x0206655a,2
0x020665be,2
0x020666e4,2
0x02066816,2
0x020668c6,2
0x02066aca,2
0x02066b26,2
0x020684b4,2
0x02068666,2
0x02068742,2
0x020687a2,2
0x0206883c,2
0x020688f2,2
0x020689b2,2
0x02068c12,2
0x02069000,2
0x0206914e,2
0x02069a78,2
0x02069b24,2
0x02069b3c,2
0x02069b90,2
0x02069d8a,2
0x02069dae,2
0x0206ac90,2
0x0206acca,2
0x0206ae08,2
0x0206ba72,2
0x0206baa2,2
0x0206bb38,2
0x0206be80,2
0x0206be96,2
0x0206bec2,2
0x0206bece,2
0x0206bf60,2
0x0206bf8a,2
0x0206c016,2
0x0206c0f8,2
0x0206c10a,2
0x0206cd50,2
0x0206d838,2
0x0206d868,2
0x0206d8a6,2
0x0206d8e0,2
0x0206dbf0,2
0x0206e3a6,2
0x0206e524,2
0x0206f008,2
0x0206f058,2
0x0206f142,2
0x0206f29c,2
0x0206f382,2
0x0206f46a,2
0x0206f4a0,2
0x0206f65a,2
0x0206f752,2
0x0206fc04,2
0x0206fc14,2
0x0206ff5c,2
0x02070592,2
0x020705be,2
0x02070664,2
0x02070762,2
0x0207211a,2
0x0207271c,2
0x02072b56,2
0x02072d62,2
0x02072faa,2
0x02072fe4,2
0x020734cc,2
0x02073a6c,2
0x02073d9e,2
0x02073f54,2
0x020740c0,2
0x0207437e,2
0x02074a28,2
0x02074b54,2
0x02074ece,2
0x02075072,2
0x02075248,2
0x0207526e,2
0x02075294,2
0x02075342,2
0x02075446,2
0x020754e0,2
0x0207558c,2
0x0207574c,2
0x02075822,2
0x02075d1a,2
0x02075f94,2
0x02075ff4,2
0x0207608e,2
0x020760b0,2
0x02076100,2
0x02076176,2
0x020761a8,2
0x020762d0,2
0x020762e4,2
0x02076324,2
0x020763e2,2
0x0207667a,2
0x02076694,2
0x02076c6e,2
0x02076d22,2
0x02076d8a,2
0x02077098,2
0x020770d6,2
0x020779ee,2
0x02077a74,2
0x02077aba,2
0x02077b10,2
0x02078448,2
0x02078554,2
0x02078826,2
0x020788bc,2
0x020788f2,2
0x0207895c,2
0x0207915a,2
0x0207a2e8,2
0x0207a30e,2
0x0207a31e,2
0x0207a374,2
0x0207a398,2
0x0207a7fc,2
0x0207aae8,2
0x0207adfa,2
0x0207ae8c,2
0x0207b246,2
0x0207b29a,2
0x0207b7fa,2
0x0207bcba,2
0x0207bcd8,2
0x0207bda4,2
0x0207be0c,2
0x0207be90,2
0x0207beb0,2
0x0207c28a,2
0x0207c2a8,2
0x0207c2c6,2
0x0207c3a8,2
0x0207c520,2
0x0207c606,2
0x0207c610,2
0x0207ce08,2
0x0207d108,2
0x0207d1a8,2
0x0207d1fa,2
0x0207d2fc,2
0x0207d460,2
0x0207d54a,2
0x0207d6c6,2
0x0207d742,2
0x0207d768,2
0x0207dc02,2
0x0207df56,2
0x0207e0aa,2
0x0207e23c,2
0x0207e270,2
0x0207e296,2
0x0207e2f6,2
0x0207e3a8,2
0x0207e3d8,2
0x0207e3f6,2
0x0207e446,2
0x0207e55c,2
0x0207e57c,2
0x0207e63a,2
0x0207e65a,2
0x0207e672,2
0x0207e73e,2
0x0207e7ea,2
0x0207f482,2
0x0207f668,2
0x0207fcfa,2
0x020804e0,2
0x02080838,2
0x02080ab0,2
0x02080b42,2
0x02080ce0,2
0x02080e60,2
0x02081300,2
0x02081310,2
0x020813a4,2
0x020813e4,2
0x0208158a,2
0x02081698,2
0x020818a8,2
0x02082ad4,2
0x02082af4,2
0x02083d24,2
0x02084924,2
0x020849b4,2
0x02084a30,2
0x02086b44,2
0x02089586,2
0x020000c4,1
0x020000c6,1
0x020000f8,1
0x020002a2,1
0x020004ce,1
0x020004e2,1
0x02000a02,1
0x02001696,1
0x02001758,1
0x02001a60,1
0x02001f5a,1
0x02002068,1
0x02002ba8,1
0x0200310e,1
0x020031f6,1
0x0200323c,1
0x020038b6,1
0x020038dc,1
0x020039e4,1
0x02003a42,1
0x02003d0e,1
0x02003d50,1
0x02003e1c,1
0x02003e70,1
0x02003f5c,1
0x0200417e,1
0x020053de,1
0x02005d86,1
0x02006160,1
0x02006384,1
0x020067cc,1
0x0200681e,1
0x02006932,1
0x02006b70,1
0x02006b7c,1
0x02006e1a,1
0x02006e74,1
0x02007698,1
0x020077c4,1
0x020078de,1
0x020096f8,1
0x02009e1c,1
0x0200a882,1
0x0200a9ac,1
0x0200acd0,1
0x0200b70e,1
0x0200b71a,1
0x0200ea02,1
0x02013be6,1
0x02013c16,1
0x020176c4,1
0x0201808c,1
0x02018e18,1
0x020190b6,1
0x0201926c,1
0x02019e9e,1
0x0201db86,1
0x0201eeda,1
0x0201f4ea,1
0x02020724,1
0x02020bce,1
0x02020c0e,1
0x02021486,1
0x020215a0,1
0x0202160a,1
0x0202182c,1
0x02022020,1
0x02022c7a,1
0x02024878,1
0x0202572a,1
0x02025790,1
0x02026bb8,1
0x02027508,1
0x020280e4,1
0x020281d8,1
0x0202852c,1
0x0202863c,1
0x020286a0,1
0x02028ba2,1
0x02029762,1
0x0202ac84,1
0x0202adbc,1
0x0202b232,1
0x0202b36e,1
0x0202b63e,1
0x0202b96c,1
0x0202d550,1
0x0202d6fe,1
0x0202dc50,1
0x0202de9e,1
0x0202e94e,1
0x0202ec6a,1
0x0202f1f0,1
0x0202f384,1
0x0202f4e0,1
0x0202f596,1
0x0202f6a8,1
0x0202f7f2,1
0x0202f9b2,1
0x0202fa52,1
0x0202fbae,1
0x0202fc8a,1
0x020304bc,1
0x02030654,1
0x020314cc,1
0x02031af4,1
0x0203249c,1
0x02032b06,1
0x02032ba4,1
0x020337cc,1
0x02033b30,1
0x0203554c,1
0x020361ce,1
0x02036368,1
0x02036e84,1
0x02036f1a,1
0x02036f66,1
0x02037438,1
0x0203756e,1
0x0203786e,1
0x020378ba,1
0x02038388,1
0x02038ee2,1
0x0203972c,1
0x02039de8,1
0x0203a1e2,1
0x0203a21e,1
0x0203a288,1
0x0203a5ee,1
0x0203a7d8,1
0x0203aab2,1
0x0203af12,1
0x0203b6f4,1
0x0203c912,1
0x02042704,1
0x02042864,1
0x02042e74,1
0x02042e7e,1
0x0204391c,1
0x02043964,1
0x02043b60,1
0x02043ba4,1
0x02043c52,1
0x02043c6a,1
0x02043ee6,1
0x020440bc,1
0x0204474a,1
0x02046426,1
0x02046594,1
0x02049126,1
0x020491be,1
0x02049e2a,1
0x02049e2e,1
0x0204a780,1
0x0204b21a,1
0x0204b5e4,1
0x0204d35c,1
0x0204d3ae,1
0x0204d3b0,1
0x0204d3d2,1
0x0204d3f8,1
0x0204d406,1
0x0204d564,1
0x0204d72c,1
0x0204d732,1
0x0204d750,1
0x02051372,1
0x020514d4,1
0x02051c2a,1
0x02051c60,1
0x02051e30,1
0x02052010,1
0x0205222c,1
0x02052e00,1
0x02053030,1
0x02053160,1
0x02054da8,1
0x02055d50,1
0x02055e50,1
0x020562f0,1
0x02058812,1
0x02058a64,1
0x02058e6c,1
0x02059b74,1
0x0205a0c8,1
0x0205a10a,1
0x0205a5de,1
0x0205a6b6,1
0x0205b69e,1
0x0205bd9e,1
0x0205c412,1
0x0205c448,1
0x0205c466,1
0x0205c470,1
0x0205caac,1
0x0205cc6e,1
0x0205de4a,1
0x0205de94,1
0x0205decc,1
0x0205def2,1
0x0205e0fc,1
0x0205e228,1
0x0205e264,1
0x0205e29c,1
0x0205e304,1
0x0205e312,1
0x0205e320,1
0x0205e604,1
0x0205e758,1
0x0205ee04,1
0x0205f768,1
0x0205f7ac,1
0x0205f804,1
0x0205f916,1
0x0205faa0,1
0x0205fae0,1
0x0205fc40,1
0x0205fc92,1
0x0206000a,1
0x020601a2,1
0x020601b8,1
0x020601c6,1
0x0206073c,1
0x020607c4,1
0x0206087c,1
0x02060942,1
0x02060a56,1
0x02060ab6,1
0x02060b36,1
0x02061bb0,1
0x02061dcc,1
0x02061dfa,1
0x020620a2,1
0x020620e0,1
0x02062146,1
0x02062ac0,1
0x02062ae4,1
0x02062b26,1
0x02062b68,1
0x02062bce,1
0x02062d58,1
0x02062e16,1
0x02062f80,1
0x020631c4,1
0x02063508,1
0x02063a8a,1
0x0206432e,1
0x020644d6,1
0x02064bc6,1
0x02064df8,1
0x02064e50,1
0x02064eb0,1
0x02064ebe,1
0x020650fc,1
0x02065126,1
0x0206513e,1
0x0206514a,1
0x02065156,1
0x020651d4,1
0x020651ec,1
0x0206524a,1
0x0206529a,1
0x0206531c,1
0x0206533e,1
0x020653a0,1
0x02065460,1
0x02065484,1
0x0206549a,1
0x020654bc,1
0x020654de,1
0x02065552,1
0x02065568,1
0x020655c6,1
0x02065612,1
0x02065634,1
0x02065646,1
0x020656ce,1
0x02065790,1
0x020659c0,1
0x020659ea,1
0x02065a72,1
0x02065d1a,1
0x02065e8a,1
0x02065ea2,1
0x02065f12,1
0x020662d6,1
0x02066c40,1
0x0206859e,1
0x02068808,1
0x02068bec,1
0x02069bb8,1
0x02069dca,1
0x0206a8be,1
0x0206abfe,1
0x0206b41a,1
0x0206b47a,1
0x0206b4d4,1
0x0206b5ae,1
0x0206b5d6,1
0x0206bb58,1
0x0206bd64,1
0x0206bf18,1
0x0206bf48,1
0x0206bf54,1
0x0206bfe6,1
0x0206bff8,1
0x0206c028,1
0x0206c052,1
0x0206c064,1
0x0206c0ac,1
0x0206c0bc,1
0x0206c18a,1
0x0206c2fa,1
0x0206c30a,1
0x0206c32c,1
0x0206c3ee,1
0x0206c404,1
0x0206c43c,1
0x0206c45c,1
0x0206c47c,1
0x0206c4bc,1
0x0206c4d4,1
0x0206c4ea,1
0x0206c500,1
0x0206c728,1
0x0206cf76,1
0x0206cf9a,1
0x0206cfac,1
0x0206d066,1
0x0206d574,1
0x0206d862,1
0x0206da96,1
0x0206e20e,1
0x0206f148,1
0x0206f206,1
0x0206f23a,1
0x0206f300,1
0x0206f308,1
0x0206f8b8,1
0x0206fa06,1
0x0206fd1c,1
0x020700de,1
0x020702e6,1
0x020703f0,1
0x0207093a,1
0x02070b78,1
0x02070bac,1
0x020729aa,1
0x02072af6,1
0x02072b88,1
0x02072d8e,1
0x02072e02,1
0x02072e60,1
0x0207307a,1
0x020732c4,1
0x02073486,1
0x020734c2,1
0x02073546,1
0x020735b8,1
0x020735da,1
0x020736e0,1
0x02073c44,1
0x02073d78,1
0x02073e82,1
0x02073fce,1
0x0207402e,1
0x02074152,1
0x020748a0,1
0x02074ede,1
0x02074f08,1
0x02074f6a,1
0x02074fa0,1
0x02074fe0,1
0x02074fee,1
0x02074ffc,1
0x02075032,1
0x020750aa,1
0x020750e2,1
0x020750f2,1
0x02075102,1
0x0207584a,1
0x02076028,1
0x02076076,1
0x020760c8,1
0x020760e0,1
0x0207650a,1
0x02076560,1
0x020766ae,1
0x02077104,1
0x020773fa,1
0x02077a04,1
0x02077b96,1
0x0207878e,1
0x02078a44,1
0x02078aca,1
0x02078b40,1
0x02078c0a,1
0x02078c7a,1
0x02078d16,1
0x02078da6,1
0x02078e38,1
0x02078ed2,1
0x02078f62,1
0x02078fb6,1
0x02078fec,1
0x020791a2,1
0x020798a8,1
0x020799f6,1
0x0207a44a,1
0x0207a876,1
0x0207a908,1
0x0207ae48,1
0x0207b2a2,1
0x0207b3a8,1
0x0207b5d6,1
0x0207b82e,1
0x0207b96e,1
0x0207c61a,1
0x0207ce1e,1
0x0207d354,1
0x0207d406,1
0x0207d430,1
0x0207d4c6,1
0x0207d756,1
0x0207db8c,1
0x0207dc18,1
0x0207dc48,1
0x0207dca6,1
0x0207dd4c,1
0x0207de40,1
0x0207de7c,1
0x0207deb6,1
0x0207df66,1
0x0207e006,1
0x0207e098,1
0x0207e0be,1
0x0207e1ee,1
0x0207e208,1
0x0207e224,1
0x0207e254,1
0x0207e8c2,1
0x0207f4fe,1
0x0207f588,1
0x0207f5a6,1
0x0207f5c0,1
0x0207f5d8,1
0x0207f67c,1
0x0207fd0e,1
0x020800f6,1
0x02080104,1
0x0208015a,1
0x02080182,1
0x020801a4,1
0x020801f8,1
0x02080278,1
0x0208049e,1
0x0208080a,1
0x02080850,1
0x02080896,1
0x0208089c,1
0x02080960,1
0x02080bb2,1
0x02080c24,1
0x02080ca8,1
0x02080cd2,1
0x02081050,1
0x0208177c,1
0x020817ae,1
0x02081a72,1
0x02081baa,1
0x02081bfe,1
0x02081f48,1
0x02081f80,1
0x02081fe6,1
0x0208202c,1
0x020820cc,1
0x02082136,1
0x0208223e,1
0x0208229c,1
0x020824ae,1
0x02082536,1
0x020829f2,1
0x02082b80,1
0x02082d14,1
0x02082d24,1
0x0208332a,1
0x02083394,1
0x02083458,1
0x02084774,1
0x0208490e,1
0x020849a4,1
0x02084de8,1
0x02084e22,1
0x0208547c,1
0x020854ae,1
0x020857fe,1
0x02085824,1
0x02085a28,1
0x020862fa,1
0x02086bc0,1
0x02086be4,1
0x02086cb8,1
0x02086cd0,1
0x02086da2,1
0x02086f2a,1
0x02088eee,1
0x02088fc2,1
0x02089020,1
0x020890cc,1
0x0208916c,1
0x020895a0,1
0x02089656,1
0x02089702,1
0x02089884,1
0x020898d8,1
0x020898f4,1
0x02089944,1
0x0208b736,1
0x0208c17e,1
0x0208c198,1
0x0208c1e6,1
0x0208c200,1
0x0208c3b4,1
0x020fcd26,1
