address,name,body_bytes,instr_count
0x020000f8,FUN_020000f8,8,2
0x02000292,FUN_02000292,8,4
0x0200053a,FUN_0200053a,10,5
0x020006ae,FUN_020006ae,20,10
0x020007a8,FUN_020007a8,12,6
0x020007c2,FUN_020007c2,4,2
0x0200083a,FUN_0200083a,8,2
0x02000848,FUN_02000848,6,3
0x02000856,FUN_02000856,8,4
0x0200088a,FUN_0200088a,6,1
0x0200089c,FUN_0200089c,6,1
0x020008b0,FUN_020008b0,10,3
0x02000992,FUN_02000992,12,3
0x020009ec,FUN_020009ec,6,1
0x02000a02,FUN_02000a02,6,3
0x02000c48,FUN_02000c48,2,1
0x02001020,FUN_02001020,2,1
0x0200167e,FUN_0200167e,1,0
0x0200168a,FUN_0200168a,1,0
0x02001696,FUN_02001696,4,2
0x020016d2,FUN_020016d2,12,4
0x02001758,FUN_02001758,2,1
0x02001958,FUN_02001958,1,0
0x02001970,FUN_02001970,6,3
0x0200197e,FUN_0200197e,10,3
0x02001a60,FUN_02001a60,20,7
0x02001a74,FUN_02001a74,26,11
0x02001ab0,FUN_02001ab0,26,13
0x02001f5a,FUN_02001f5a,8,2
0x02001f7a,FUN_02001f7a,16,6
0x02001fa8,FUN_02001fa8,8,2
0x02002068,FUN_02002068,10,2
0x020020a0,FUN_020020a0,8,2
0x020020de,FUN_020020de,16,5
0x02002154,FUN_02002154,4,2
0x02002160,FUN_02002160,12,3
0x020021ce,FUN_020021ce,12,3
0x020021fc,FUN_020021fc,4,2
0x020023e8,FUN_020023e8,6,3
0x020023f8,FUN_020023f8,2,1
0x020025da,FUN_020025da,14,5
0x02002612,FUN_02002612,8,4
0x020026a8,FUN_020026a8,12,6
0x020026ce,FUN_020026ce,4,2
0x0200273a,FUN_0200273a,4,2
0x020028f6,FUN_020028f6,1,0
0x02002ba8,FUN_02002ba8,4,2
0x020030f8,FUN_020030f8,8,4
0x0200310e,FUN_0200310e,14,7
0x020031f6,FUN_020031f6,6,1
0x02003210,FUN_02003210,6,2
0x0200323c,FUN_0200323c,8,2
0x0200329e,FUN_0200329e,1,0
0x020032b8,FUN_020032b8,22,7
0x020032f4,FUN_020032f4,26,8
0x020033a2,FUN_020033a2,8,2
0x020033c4,FUN_020033c4,8,4
0x020035d0,FUN_020035d0,10,5
0x020035e4,FUN_020035e4,12,6
0x020035f4,FUN_020035f4,8,4
0x02003712,FUN_02003712,12,3
0x0200372c,FUN_0200372c,8,2
0x020037b4,FUN_020037b4,10,5
0x020037c8,FUN_020037c8,44,21
0x0200380a,FUN_0200380a,8,2
0x020038a2,FUN_020038a2,10,5
0x020038b6,FUN_020038b6,1,0
0x020038dc,FUN_020038dc,2,1
0x020038ec,FUN_020038ec,2,1
0x02003904,FUN_02003904,6,3
0x020039be,FUN_020039be,1,0
0x020039e4,FUN_020039e4,1,0
0x02003a42,FUN_02003a42,2,1
0x02003a52,FUN_02003a52,6,3
0x02003a9e,FUN_02003a9e,6,3
0x02003b52,FUN_02003b52,4,2
0x02003b7c,FUN_02003b7c,16,7
0x02003c52,FUN_02003c52,4,2
0x02003c7c,FUN_02003c7c,4,2
0x02003d0e,FUN_02003d0e,1,0
0x02003d50,FUN_02003d50,2,1
0x02003d60,FUN_02003d60,6,3
0x02003da6,FUN_02003da6,6,1
0x02003e1c,FUN_02003e1c,1,0
0x02003e70,FUN_02003e70,2,1
0x02003e80,FUN_02003e80,6,3
0x02003f3c,FUN_02003f3c,32,13
0x02003f5c,FUN_02003f5c,8,4
0x02003f78,FUN_02003f78,6,3
0x02004014,FUN_02004014,34,14
0x02004036,FUN_02004036,10,5
0x02004058,FUN_02004058,34,14
0x0200407a,FUN_0200407a,12,3
0x0200417e,FUN_0200417e,10,3
0x0200457a,FUN_0200457a,8,2
0x02004c06,FUN_02004c06,2,1
0x02004c48,FUN_02004c48,1,0
0x0200541a,FUN_0200541a,4,2
0x02005438,FUN_02005438,4,2
0x02005500,FUN_02005500,20,10
0x02005592,FUN_02005592,1,0
0x02005598,FUN_02005598,4,2
0x020055ca,FUN_020055ca,8,2
0x02005632,FUN_02005632,6,1
0x02005648,FUN_02005648,1,0
0x02005676,FUN_02005676,10,5
0x02005680,FUN_02005680,16,6
0x020056fc,FUN_020056fc,16,6
0x02005782,FUN_02005782,1,0
0x020057b8,FUN_020057b8,4,2
0x0200584c,FUN_0200584c,18,5
0x020058bc,FUN_020058bc,6,1
0x020058d2,FUN_020058d2,16,6
0x02005952,FUN_02005952,16,6
0x020059da,FUN_020059da,6,1
0x020059f0,FUN_020059f0,4,2
0x02005a88,FUN_02005a88,2,1
0x02005bb2,FUN_02005bb2,6,3
0x02005ce4,FUN_02005ce4,6,1
0x02005cfe,FUN_02005cfe,16,6
0x02005d86,FUN_02005d86,10,3
0x0200607a,FUN_0200607a,1,0
0x020060d8,FUN_020060d8,16,6
0x02006160,FUN_02006160,12,4
0x02006384,FUN_02006384,14,5
0x0200675a,FUN_0200675a,8,4
0x020067b0,FUN_020067b0,10,3
0x020067cc,FUN_020067cc,30,7
0x0200681e,FUN_0200681e,8,4
0x02006882,FUN_02006882,16,6
0x02006932,FUN_02006932,18,7
0x020069a6,FUN_020069a6,4,2
0x02006a14,FUN_02006a14,4,2
0x02006ac2,FUN_02006ac2,4,2
0x02006b70,FUN_02006b70,6,1
0x02006b7c,FUN_02006b7c,22,8
0x02006d84,FUN_02006d84,12,4
0x02006e1a,FUN_02006e1a,32,10
0x02006e74,FUN_02006e74,20,6
0x0200707c,FUN_0200707c,4,2
0x02007698,FUN_02007698,2,1
0x020077c4,FUN_020077c4,18,7
0x0200783c,FUN_0200783c,20,8
0x020078b8,FUN_020078b8,6,3
0x020078de,FUN_020078de,8,4
0x020079c2,FUN_020079c2,4,2
0x02007a20,FUN_02007a20,4,2
0x02007d04,FUN_02007d04,1,0
0x02007d0e,FUN_02007d0e,4,2
0x02007e50,FUN_02007e50,12,6
0x02007e88,FUN_02007e88,10,3
0x02007ea2,FUN_02007ea2,1,0
0x02007eac,FUN_02007eac,22,9
0x02007f8c,FUN_02007f8c,1,0
0x02008016,FUN_02008016,8,4
0x020080ac,FUN_020080ac,18,7
0x020080d4,FUN_020080d4,8,2
0x020080ea,FUN_020080ea,4,2
0x020081a4,FUN_020081a4,1,0
0x020081b0,FUN_020081b0,1,0
0x020081bc,FUN_020081bc,6,3
0x020081c2,FUN_020081c2,8,4
0x02008216,FUN_02008216,8,2
0x020082e4,FUN_020082e4,8,2
0x0200843c,FUN_0200843c,4,2
0x020084bc,FUN_020084bc,12,4
0x02008502,FUN_02008502,1,0
0x0200850c,FUN_0200850c,1,0
0x02008518,FUN_02008518,16,8
0x02008528,FUN_02008528,14,5
0x0200856c,FUN_0200856c,12,4
0x02008582,FUN_02008582,12,4
0x02008598,FUN_02008598,12,4
0x020085ae,FUN_020085ae,2,1
0x0200861a,FUN_0200861a,6,3
0x020086c8,FUN_020086c8,16,6
0x020086f4,FUN_020086f4,16,6
0x02008720,FUN_02008720,4,2
0x02008756,FUN_02008756,8,3
0x02008804,FUN_02008804,4,2
0x02008880,FUN_02008880,16,6
0x02008966,FUN_02008966,22,9
0x020089c2,FUN_020089c2,2,1
0x020089ea,FUN_020089ea,16,6
0x02008a2a,FUN_02008a2a,16,8
0x02008a82,FUN_02008a82,4,2
0x02008ac4,FUN_02008ac4,10,3
0x02008bac,FUN_02008bac,18,7
0x02008d14,FUN_02008d14,4,2
0x02008d82,FUN_02008d82,1,0
0x02008d8c,FUN_02008d8c,1,0
0x02008d96,FUN_02008d96,12,4
0x0200912e,FUN_0200912e,20,8
0x020092dc,FUN_020092dc,10,4
0x020092e6,FUN_020092e6,4,2
0x0200938c,FUN_0200938c,4,2
0x02009468,FUN_02009468,20,9
0x02009494,FUN_02009494,10,4
0x020094c2,FUN_020094c2,8,3
0x020094ca,thunk_FUN_02009650,2,1
0x0200963c,thunk_FUN_02009650,2,1
0x02009650,FUN_02009650,8,4
0x0200965c,FUN_0200965c,20,7
0x020096f8,FUN_020096f8,6,3
0x02009824,FUN_02009824,10,2
0x0200993c,FUN_0200993c,6,3
0x02009c00,FUN_02009c00,1,0
0x02009d18,FUN_02009d18,14,7
0x02009d2c,FUN_02009d2c,22,9
0x02009e02,FUN_02009e02,1,0
0x02009e12,FUN_02009e12,1,0
0x02009e1c,FUN_02009e1c,26,13
0x02009e36,FUN_02009e36,24,10
0x02009ed0,FUN_02009ed0,40,15
0x02009f92,FUN_02009f92,14,7
0x02009fac,FUN_02009fac,12,4
0x02009fb4,FUN_02009fb4,1,0
0x02009fc8,FUN_02009fc8,8,4
0x0200a55c,FUN_0200a55c,1,0
0x0200a578,FUN_0200a578,4,2
0x0200a5ae,FUN_0200a5ae,52,25
0x0200a5e2,FUN_0200a5e2,2,1
0x0200a5fc,FUN_0200a5fc,2,1
0x0200a684,FUN_0200a684,8,4
0x0200a7d0,FUN_0200a7d0,18,8
0x0200a872,FUN_0200a872,1,0
0x0200a882,FUN_0200a882,6,3
0x0200a9ac,FUN_0200a9ac,4,2
0x0200a9b0,FUN_0200a9b0,10,3
0x0200aa02,FUN_0200aa02,14,5
0x0200aa64,FUN_0200aa64,1,0
0x0200aad0,FUN_0200aad0,2,1
0x0200ab12,FUN_0200ab12,1,0
0x0200ab58,FUN_0200ab58,1,0
0x0200ab72,FUN_0200ab72,1,0
0x0200ab88,FUN_0200ab88,4,1
0x0200ab90,FUN_0200ab90,1,0
0x0200aca6,FUN_0200aca6,16,5
0x0200acd0,FUN_0200acd0,6,3
0x0200b178,FUN_0200b178,1,0
0x0200b1ae,FUN_0200b1ae,10,3
0x0200b2f2,FUN_0200b2f2,1,0
0x0200b546,FUN_0200b546,6,3
0x0200b59c,FUN_0200b59c,24,9
0x0200b5ba,FUN_0200b5ba,1,0
0x0200b5d6,FUN_0200b5d6,8,4
0x0200b6d4,FUN_0200b6d4,16,5
0x0200b6fe,FUN_0200b6fe,1,0
0x0200b70e,FUN_0200b70e,1,0
0x0200b71a,FUN_0200b71a,22,9
0x0200b820,FUN_0200b820,2,1
0x0200b832,FUN_0200b832,50,20
0x0200b87c,FUN_0200b87c,8,4
0x0200b896,FUN_0200b896,22,10
0x0200bbe4,FUN_0200bbe4,16,7
0x0200bbf4,FUN_0200bbf4,4,2
0x0200bc1c,FUN_0200bc1c,4,2
0x0200be52,FUN_0200be52,14,5
0x0200be8a,FUN_0200be8a,2,1
0x0200c038,FUN_0200c038,2,1
0x0200c17c,FUN_0200c17c,2,1
0x0200c18a,FUN_0200c18a,74,35
0x0200c236,FUN_0200c236,16,6
0x0200c262,FUN_0200c262,6,3
0x0200ca32,FUN_0200ca32,1,0
0x0200cedc,FUN_0200cedc,1,0
0x0200d274,FUN_0200d274,26,12
0x0200d2dc,FUN_0200d2dc,40,16
0x0200d330,FUN_0200d330,22,10
0x0200d352,FUN_0200d352,12,5
0x0200d388,FUN_0200d388,6,3
0x0200d3f2,FUN_0200d3f2,1,0
0x0200d46a,FUN_0200d46a,12,6
0x0200d47a,FUN_0200d47a,2,1
0x0200d4a8,FUN_0200d4a8,4,2
0x0200d4ac,FUN_0200d4ac,4,2
0x0200d566,FUN_0200d566,1,0
0x0200d5fc,FUN_0200d5fc,60,30
0x0200d63c,FUN_0200d63c,1,0
0x0200d678,FUN_0200d678,1,0
0x0200d6a8,FUN_0200d6a8,1,0
0x0200d6b0,FUN_0200d6b0,2,1
0x0200d74e,FUN_0200d74e,1,0
0x0200d76c,FUN_0200d76c,4,2
0x0200d774,FUN_0200d774,2,1
0x0200d7fc,FUN_0200d7fc,28,14
0x0200d8e0,FUN_0200d8e0,10,5
0x0200d984,FUN_0200d984,24,11
0x0200d99c,FUN_0200d99c,8,4
0x0200d9c0,FUN_0200d9c0,36,16
0x0200d9e4,FUN_0200d9e4,10,5
0x0200d9f6,FUN_0200d9f6,6,3
0x0200daf4,FUN_0200daf4,1,0
0x0200e1c8,FUN_0200e1c8,12,5
0x0200e1d4,FUN_0200e1d4,4,1
0x0200e228,FUN_0200e228,18,9
0x0200e24c,FUN_0200e24c,36,13
0x0200e374,FUN_0200e374,4,1
0x0200e5ca,FUN_0200e5ca,4,2
0x0200e886,FUN_0200e886,18,9
0x0200e898,FUN_0200e898,6,3
0x0200e980,FUN_0200e980,18,6
0x0200ea02,FUN_0200ea02,4,2
0x0200ebf6,FUN_0200ebf6,2,1
0x0200ec34,FUN_0200ec34,1,0
0x0200ec40,FUN_0200ec40,1,0
0x0200ef3a,FUN_0200ef3a,10,3
0x0200f534,FUN_0200f534,2,1
0x0200f632,FUN_0200f632,4,2
0x0200f7ce,thunk_FUN_0200f7e4,2,1
0x0200f7e4,FUN_0200f7e4,2,1
0x0200f8ca,FUN_0200f8ca,1,0
0x0200fab0,FUN_0200fab0,12,5
0x0200fff4,FUN_0200fff4,1,0
0x0201001a,FUN_0201001a,4,2
0x0201004a,FUN_0201004a,20,8
0x020100ce,FUN_020100ce,38,19
0x02010200,FUN_02010200,52,24
0x020102da,FUN_020102da,2,1
0x0201030a,FUN_0201030a,4,2
0x020106ce,FUN_020106ce,26,11
0x020107a2,FUN_020107a2,26,11
0x020108a6,FUN_020108a6,16,7
0x020109cc,FUN_020109cc,1,0
0x020109e4,FUN_020109e4,6,3
0x02011748,FUN_02011748,6,1
0x020117ae,FUN_020117ae,1,0
0x02011834,FUN_02011834,1,0
0x02011948,FUN_02011948,1,0
0x02011976,FUN_02011976,12,6
0x0201205c,FUN_0201205c,1,0
0x02012410,FUN_02012410,1,0
0x0201245a,FUN_0201245a,1,0
0x020125a2,FUN_020125a2,2,1
0x02012608,FUN_02012608,1,0
0x02012632,FUN_02012632,4,2
0x0201267c,FUN_0201267c,16,4
0x02012986,FUN_02012986,1,0
0x02012b8c,FUN_02012b8c,4,2
0x02012c06,FUN_02012c06,26,11
0x02012c54,FUN_02012c54,6,3
0x02012c84,FUN_02012c84,4,2
0x02012d04,FUN_02012d04,2,1
0x02012dcc,FUN_02012dcc,2,1
0x02012e96,FUN_02012e96,10,3
0x02012ed8,FUN_02012ed8,10,5
0x02012f64,FUN_02012f64,1,0
0x020133aa,FUN_020133aa,1,0
0x02013be6,FUN_02013be6,10,5
0x02013c16,FUN_02013c16,8,4
0x02013de0,FUN_02013de0,1,0
0x02014680,FUN_02014680,2,1
0x0201475a,FUN_0201475a,1,0
0x02014d30,FUN_02014d30,4,2
0x02014ec8,FUN_02014ec8,8,4
0x02014ed6,FUN_02014ed6,1,0
0x02014fde,FUN_02014fde,6,3
0x02015612,FUN_02015612,6,3
0x02015672,FUN_02015672,1,0
0x020156f2,FUN_020156f2,1,0
0x0201582a,FUN_0201582a,4,2
0x02015bfa,FUN_02015bfa,6,2
0x02015cca,FUN_02015cca,2,1
0x020160a0,FUN_020160a0,1,0
0x02016664,FUN_02016664,1,0
0x020167b6,FUN_020167b6,1,0
0x02017000,FUN_02017000,8,4
0x02017008,FUN_02017008,18,9
0x0201742e,FUN_0201742e,6,2
0x020174b2,FUN_020174b2,14,5
0x020174ec,FUN_020174ec,10,5
0x02017554,FUN_02017554,2,1
0x02017582,FUN_02017582,18,9
0x020175ac,FUN_020175ac,20,8
0x0201760c,FUN_0201760c,8,2
0x02017656,FUN_02017656,6,3
0x020176c4,FUN_020176c4,6,3
0x020176f6,FUN_020176f6,1,0
0x0201797c,FUN_0201797c,4,2
0x02017e6a,FUN_02017e6a,28,8
0x02017f22,FUN_02017f22,8,3
0x0201800a,FUN_0201800a,26,13
0x02018038,FUN_02018038,20,8
0x0201808c,FUN_0201808c,20,8
0x0201838e,FUN_0201838e,1,0
0x020188a0,FUN_020188a0,1,0
0x020188be,FUN_020188be,2,1
0x020188cc,FUN_020188cc,12,3
0x02018912,FUN_02018912,14,5
0x02018958,FUN_02018958,12,3
0x02018ab4,FUN_02018ab4,2,1
0x02018ae8,FUN_02018ae8,1,0
0x02018bae,FUN_02018bae,12,5
0x02018bba,FUN_02018bba,30,13
0x02018be2,FUN_02018be2,14,5
0x02018bf0,FUN_02018bf0,14,5
0x02018bfe,FUN_02018bfe,20,8
0x02018c4e,FUN_02018c4e,20,10
0x02018c62,FUN_02018c62,14,5
0x02018c84,FUN_02018c84,4,2
0x02018c9c,FUN_02018c9c,16,6
0x02018cd0,FUN_02018cd0,18,8
0x02018ce2,FUN_02018ce2,12,6
0x02018d08,FUN_02018d08,8,4
0x02018d14,FUN_02018d14,6,3
0x02018d7a,FUN_02018d7a,4,2
0x02018e18,FUN_02018e18,4,2
0x02018ec6,FUN_02018ec6,4,2
0x02019080,FUN_02019080,2,1
0x0201909e,FUN_0201909e,4,2
0x020190b6,FUN_020190b6,6,3
0x02019176,FUN_02019176,2,1
0x02019178,FUN_02019178,12,6
0x0201919e,FUN_0201919e,1,0
0x0201926c,FUN_0201926c,4,2
0x02019408,FUN_02019408,6,3
0x02019728,FUN_02019728,4,2
0x020197d2,FUN_020197d2,104,43
0x0201989c,FUN_0201989c,20,10
0x020198b0,FUN_020198b0,24,12
0x020198ce,FUN_020198ce,16,5
0x02019952,FUN_02019952,22,8
0x02019968,FUN_02019968,14,5
0x02019976,FUN_02019976,14,5
0x02019984,FUN_02019984,14,5
0x02019992,FUN_02019992,14,5
0x020199a0,FUN_020199a0,12,5
0x020199ac,FUN_020199ac,12,5
0x020199b8,FUN_020199b8,42,16
0x02019a06,FUN_02019a06,14,5
0x02019a14,FUN_02019a14,66,30
0x02019a56,FUN_02019a56,12,5
0x02019a62,FUN_02019a62,14,5
0x02019a70,FUN_02019a70,14,5
0x02019a7e,FUN_02019a7e,14,5
0x02019a8c,FUN_02019a8c,6,2
0x02019a9a,FUN_02019a9a,14,5
0x02019aa8,FUN_02019aa8,24,8
0x02019ac0,FUN_02019ac0,14,5
0x02019ace,FUN_02019ace,8,4
0x02019bb4,FUN_02019bb4,24,10
0x02019c62,FUN_02019c62,48,20
0x02019dd2,FUN_02019dd2,32,13
0x02019e6a,FUN_02019e6a,10,5
0x02019e9e,FUN_02019e9e,12,3
0x0201a258,FUN_0201a258,8,2
0x0201a2a0,FUN_0201a2a0,20,10
0x0201a2b4,FUN_0201a2b4,20,7
0x0201a620,FUN_0201a620,1,0
0x0201a7e2,FUN_0201a7e2,2,1
0x0201b41e,FUN_0201b41e,2,1
0x0201bd44,FUN_0201bd44,8,2
0x0201bf96,FUN_0201bf96,8,2
0x0201cb3a,FUN_0201cb3a,1,0
0x0201cdcc,FUN_0201cdcc,62,17
0x0201d20e,FUN_0201d20e,1,0
0x0201d328,FUN_0201d328,8,4
0x0201d33a,FUN_0201d33a,12,4
0x0201d4f8,FUN_0201d4f8,2,1
0x0201d51e,FUN_0201d51e,8,2
0x0201d532,FUN_0201d532,18,6
0x0201d650,FUN_0201d650,10,3
0x0201d69c,FUN_0201d69c,8,2
0x0201d99c,FUN_0201d99c,8,2
0x0201d9d0,FUN_0201d9d0,22,8
0x0201da10,FUN_0201da10,2,1
0x0201dab8,FUN_0201dab8,18,6
0x0201db5e,FUN_0201db5e,8,2
0x0201db72,FUN_0201db72,8,2
0x0201db86,FUN_0201db86,2,1
0x0201dd0a,FUN_0201dd0a,4,2
0x0201deaa,FUN_0201deaa,2,1
0x0201dee4,FUN_0201dee4,1,0
0x0201defe,FUN_0201defe,1,0
0x0201e16c,thunk_FUN_0201e184,2,1
0x0201e16e,thunk_FUN_0201e184,2,1
0x0201e170,thunk_FUN_0201e184,2,1
0x0201e172,thunk_FUN_0201e184,2,1
0x0201e174,thunk_FUN_0201e184,2,1
0x0201e176,thunk_FUN_0201e184,2,1
0x0201e178,thunk_FUN_0201e184,2,1
0x0201e17a,thunk_FUN_0201e184,2,1
0x0201e17c,thunk_FUN_0201e184,2,1
0x0201e17e,thunk_FUN_0201e184,2,1
0x0201e180,thunk_FUN_0201e184,2,1
0x0201e182,thunk_FUN_0201e184,2,1
0x0201e184,FUN_0201e184,8,4
0x0201e1b0,FUN_0201e1b0,1,0
0x0201e282,FUN_0201e282,1,0
0x0201e2e0,FUN_0201e2e0,2,1
0x0201e482,FUN_0201e482,1,0
0x0201e4fc,FUN_0201e4fc,2,1
0x0201e572,FUN_0201e572,4,2
0x0201e58e,FUN_0201e58e,14,6
0x0201e724,FUN_0201e724,1,0
0x0201e764,FUN_0201e764,8,2
0x0201e9a4,FUN_0201e9a4,4,2
0x0201eb20,FUN_0201eb20,8,3
0x0201eb28,FUN_0201eb28,6,3
0x0201eb2e,FUN_0201eb2e,12,6
0x0201ec5e,FUN_0201ec5e,4,2
0x0201ede0,FUN_0201ede0,4,2
0x0201eee0,FUN_0201eee0,4,2
0x0201eeec,FUN_0201eeec,2,1
0x0201f0a6,FUN_0201f0a6,1,0
0x0201f0d0,FUN_0201f0d0,10,3
0x0201f11c,FUN_0201f11c,10,5
0x0201f144,FUN_0201f144,8,2
0x0201f200,FUN_0201f200,12,3
0x0201f368,FUN_0201f368,4,2
0x0201f3fc,FUN_0201f3fc,2,1
0x0201f46c,FUN_0201f46c,6,3
0x0201f4ea,FUN_0201f4ea,4,2
0x0201f5f4,FUN_0201f5f4,10,5
0x0201f878,FUN_0201f878,1,0
0x0201fdde,FUN_0201fdde,4,2
0x0201fe64,FUN_0201fe64,8,4
0x02020042,FUN_02020042,12,3
0x02020122,FUN_02020122,1,0
0x020201dc,FUN_020201dc,2,1
0x02020552,FUN_02020552,8,4
0x0202058a,FUN_0202058a,4,2
0x0202061e,FUN_0202061e,2,1
0x02020644,FUN_02020644,1,0
0x02020724,FUN_02020724,20,7
0x020207ba,FUN_020207ba,8,3
0x020207f8,FUN_020207f8,6,3
0x020208e6,FUN_020208e6,8,3
0x02020924,FUN_02020924,4,2
0x02020998,FUN_02020998,8,3
0x020209d6,FUN_020209d6,4,2
0x02020a80,FUN_02020a80,8,3
0x02020abe,FUN_02020abe,4,2
0x02020b12,FUN_02020b12,8,3
0x02020b50,FUN_02020b50,4,2
0x02020b90,FUN_02020b90,12,3
0x02020bce,FUN_02020bce,12,3
0x02020c0e,FUN_02020c0e,20,7
0x02020c9e,FUN_02020c9e,4,2
0x02020d1c,FUN_02020d1c,1,0
0x02020d98,FUN_02020d98,4,2
0x02020dd0,FUN_02020dd0,4,2
0x02020e36,FUN_02020e36,4,2
0x02020e6e,FUN_02020e6e,6,3
0x02020eee,FUN_02020eee,4,2
0x02020f26,FUN_02020f26,4,2
0x02020f80,FUN_02020f80,4,2
0x02020fb8,FUN_02020fb8,4,2
0x0202122e,FUN_0202122e,2,1
0x0202137e,FUN_0202137e,1,0
0x0202139a,FUN_0202139a,1,0
0x02021444,FUN_02021444,12,4
0x02021486,FUN_02021486,8,4
0x020215a0,FUN_020215a0,16,5
0x020215ea,FUN_020215ea,10,4
0x0202160a,FUN_0202160a,10,3
0x02021704,FUN_02021704,24,8
0x0202171c,FUN_0202171c,6,3
0x02021732,FUN_02021732,14,5
0x02021740,FUN_02021740,12,5
0x0202174c,FUN_0202174c,12,5
0x02021758,FUN_02021758,12,5
0x02021764,FUN_02021764,28,11
0x020217d6,FUN_020217d6,2,1
0x02021806,FUN_02021806,14,5
0x02021814,FUN_02021814,12,5
0x02021820,FUN_02021820,12,5
0x0202182c,FUN_0202182c,80,29
0x02022020,FUN_02022020,8,3
0x02022106,FUN_02022106,10,3
0x02022282,FUN_02022282,20,6
0x02022310,FUN_02022310,18,5
0x020223ba,FUN_020223ba,10,3
0x02022994,FUN_02022994,1,0
0x02022c7a,FUN_02022c7a,8,2
0x02022cea,FUN_02022cea,2,1
0x02022cfe,FUN_02022cfe,2,1
0x02023ea0,FUN_02023ea0,8,2
0x0202423c,FUN_0202423c,8,2
0x02024780,FUN_02024780,1,0
0x02024858,FUN_02024858,1,0
0x02024878,FUN_02024878,2,1
0x02024dcc,FUN_02024dcc,4,2
0x0202510e,FUN_0202510e,2,1
0x020253ba,FUN_020253ba,6,1
0x020254b8,FUN_020254b8,6,3
0x0202558a,FUN_0202558a,6,1
0x0202572a,FUN_0202572a,50,20
0x02025790,FUN_02025790,6,1
0x0202619e,FUN_0202619e,18,7
0x02026374,FUN_02026374,22,11
0x02026478,FUN_02026478,10,3
0x020264b8,FUN_020264b8,4,2
0x020264c4,FUN_020264c4,4,2
0x020264fc,FUN_020264fc,1,0
0x0202650a,FUN_0202650a,6,3
0x0202657e,FUN_0202657e,8,4
0x020267bc,FUN_020267bc,4,2
0x02026a44,FUN_02026a44,8,4
0x02026b7e,FUN_02026b7e,1,0
0x02026bc4,FUN_02026bc4,4,2
0x02026f62,FUN_02026f62,8,2
0x02026f84,FUN_02026f84,2,1
0x02026fae,FUN_02026fae,10,2
0x02026fc2,FUN_02026fc2,4,2
0x02027020,FUN_02027020,8,2
0x0202703c,FUN_0202703c,14,4
0x0202707c,FUN_0202707c,10,3
0x020270da,FUN_020270da,14,7
0x02027112,FUN_02027112,14,4
0x02027292,FUN_02027292,38,13
0x02027346,FUN_02027346,8,2
0x02027382,FUN_02027382,18,6
0x020273be,FUN_020273be,8,3
0x020273c6,FUN_020273c6,6,3
0x02027412,FUN_02027412,2,1
0x020274de,FUN_020274de,8,2
0x020277d8,FUN_020277d8,6,3
0x020277ee,FUN_020277ee,6,3
0x02027858,FUN_02027858,10,3
0x0202799e,FUN_0202799e,2,1
0x020279a8,FUN_020279a8,14,4
0x02027af4,FUN_02027af4,18,5
0x02027dc8,FUN_02027dc8,2,1
0x02027dd0,FUN_02027dd0,8,2
0x02027ee2,FUN_02027ee2,10,3
0x020280e4,FUN_020280e4,4,2
0x02028136,FUN_02028136,4,2
0x02028186,FUN_02028186,4,2
0x020281d8,FUN_020281d8,8,4
0x02028220,FUN_02028220,6,3
0x020282be,thunk_FUN_020282d4,2,1
0x020282d4,FUN_020282d4,6,3
0x020282d8,FUN_020282d8,2,1
0x0202832e,FUN_0202832e,6,3
0x020283b4,FUN_020283b4,14,3
0x020283d0,FUN_020283d0,16,6
0x0202847a,FUN_0202847a,12,6
0x020284e2,FUN_020284e2,4,2
0x02028512,FUN_02028512,4,2
0x0202852c,FUN_0202852c,12,6
0x020285d4,FUN_020285d4,16,5
0x020285fc,FUN_020285fc,6,2
0x0202863c,FUN_0202863c,52,25
0x020286a0,FUN_020286a0,12,6
0x02028770,FUN_02028770,2,1
0x0202896e,FUN_0202896e,16,6
0x02028998,FUN_02028998,16,5
0x02028b44,FUN_02028b44,14,4
0x02028b9c,FUN_02028b9c,6,3
0x02028ba2,FUN_02028ba2,8,2
0x02028c42,FUN_02028c42,10,5
0x02028c7c,FUN_02028c7c,24,8
0x02028d1e,FUN_02028d1e,4,2
0x02028d8a,FUN_02028d8a,16,8
0x02028fc6,FUN_02028fc6,12,6
0x02028fd2,FUN_02028fd2,2,1
0x02028fdc,FUN_02028fdc,8,4
0x02028ff2,FUN_02028ff2,10,5
0x02029042,FUN_02029042,6,3
0x020291f0,FUN_020291f0,2,1
0x02029210,FUN_02029210,10,4
0x020292ba,FUN_020292ba,4,2
0x020292fc,FUN_020292fc,4,2
0x02029352,FUN_02029352,4,2
0x0202970a,FUN_0202970a,16,8
0x0202971a,FUN_0202971a,6,3
0x0202975a,FUN_0202975a,8,4
0x02029762,FUN_02029762,6,3
0x02029f28,FUN_02029f28,10,5
0x02029f62,FUN_02029f62,2,1
0x02029f6c,FUN_02029f6c,2,1
0x02029fde,FUN_02029fde,4,2
0x0202a04a,FUN_0202a04a,1,0
0x0202a09a,FUN_0202a09a,4,2
0x0202a1d8,FUN_0202a1d8,4,2
0x0202a20a,FUN_0202a20a,6,3
0x0202a3ba,FUN_0202a3ba,1,0
0x0202a468,FUN_0202a468,4,2
0x0202a4ee,FUN_0202a4ee,4,2
0x0202a5f6,FUN_0202a5f6,6,3
0x0202a65c,thunk_FUN_0202a67e,4,2
0x0202a67e,FUN_0202a67e,6,3
0x0202a682,thunk_FUN_0202a6a4,4,2
0x0202a6a4,FUN_0202a6a4,6,3
0x0202a6a8,FUN_0202a6a8,8,4
0x0202ab50,FUN_0202ab50,4,2
0x0202abc0,FUN_0202abc0,4,2
0x0202abfa,FUN_0202abfa,4,2
0x0202ac84,FUN_0202ac84,12,5
0x0202adbc,FUN_0202adbc,4,2
0x0202aef8,FUN_0202aef8,6,2
0x0202af06,FUN_0202af06,2,1
0x0202af10,FUN_0202af10,18,9
0x0202af46,FUN_0202af46,4,2
0x0202af4e,FUN_0202af4e,8,4
0x0202af96,FUN_0202af96,2,1
0x0202b058,FUN_0202b058,2,1
0x0202b0f0,thunk_FUN_0202b0fc,2,1
0x0202b0fc,FUN_0202b0fc,4,2
0x0202b10c,FUN_0202b10c,8,4
0x0202b136,FUN_0202b136,4,2
0x0202b158,FUN_0202b158,12,6
0x0202b21e,FUN_0202b21e,8,4
0x0202b232,FUN_0202b232,18,9
0x0202b2bc,FUN_0202b2bc,6,2
0x0202b36e,FUN_0202b36e,6,3
0x0202b3d6,FUN_0202b3d6,10,4
0x0202b498,FUN_0202b498,8,4
0x0202b4d0,FUN_0202b4d0,6,3
0x0202b53a,FUN_0202b53a,2,1
0x0202b5cc,FUN_0202b5cc,4,2
0x0202b5e6,FUN_0202b5e6,2,1
0x0202b63e,FUN_0202b63e,20,10
0x0202b652,FUN_0202b652,4,2
0x0202b6e2,FUN_0202b6e2,8,4
0x0202b6f4,FUN_0202b6f4,24,10
0x0202b70c,FUN_0202b70c,8,4
0x0202b77c,FUN_0202b77c,4,2
0x0202b7b0,FUN_0202b7b0,10,5
0x0202b7c8,FUN_0202b7c8,2,1
0x0202b7ca,FUN_0202b7ca,1,0
0x0202b7f2,FUN_0202b7f2,4,2
0x0202b8e4,FUN_0202b8e4,1,0
0x0202b8ea,FUN_0202b8ea,34,15
0x0202b96c,FUN_0202b96c,14,7
0x0202b9a2,FUN_0202b9a2,18,8
0x0202ba86,FUN_0202ba86,14,6
0x0202bcbe,FUN_0202bcbe,8,4
0x0202bcde,FUN_0202bcde,4,2
0x0202bd40,FUN_0202bd40,1,0
0x0202be28,FUN_0202be28,14,6
0x0202bec6,FUN_0202bec6,6,3
0x0202c172,FUN_0202c172,4,2
0x0202c19a,FUN_0202c19a,6,3
0x0202c540,FUN_0202c540,6,3
0x0202ca16,FUN_0202ca16,4,2
0x0202ca26,FUN_0202ca26,1,0
0x0202caa0,FUN_0202caa0,2,1
0x0202cb46,FUN_0202cb46,6,3
0x0202cd42,FUN_0202cd42,8,4
0x0202cf16,FUN_0202cf16,4,2
0x0202d1c2,FUN_0202d1c2,6,3
0x0202d41e,FUN_0202d41e,6,3
0x0202d550,FUN_0202d550,8,4
0x0202d6fe,FUN_0202d6fe,16,7
0x0202d7bc,FUN_0202d7bc,6,2
0x0202d990,FUN_0202d990,1,0
0x0202dc50,FUN_0202dc50,6,3
0x0202dd30,FUN_0202dd30,8,3
0x0202dd52,FUN_0202dd52,6,3
0x0202dd58,FUN_0202dd58,4,2
0x0202de3a,FUN_0202de3a,6,3
0x0202de9e,FUN_0202de9e,2,1
0x0202e0fa,FUN_0202e0fa,6,2
0x0202e108,FUN_0202e108,6,2
0x0202e116,FUN_0202e116,8,4
0x0202e190,FUN_0202e190,4,2
0x0202e1e2,FUN_0202e1e2,4,2
0x0202e4e6,FUN_0202e4e6,4,2
0x0202e5ce,FUN_0202e5ce,2,1
0x0202e774,FUN_0202e774,12,6
0x0202e80e,FUN_0202e80e,4,2
0x0202e8c2,FUN_0202e8c2,6,3
0x0202e904,FUN_0202e904,12,6
0x0202e94e,FUN_0202e94e,4,2
0x0202e9be,FUN_0202e9be,8,4
0x0202ea36,FUN_0202ea36,6,3
0x0202eaee,FUN_0202eaee,6,3
0x0202eb74,FUN_0202eb74,10,5
0x0202eb9e,FUN_0202eb9e,10,5
0x0202ebc2,FUN_0202ebc2,18,9
0x0202ebe4,FUN_0202ebe4,18,9
0x0202ec06,FUN_0202ec06,2,1
0x0202ec6a,FUN_0202ec6a,6,3
0x0202f180,FUN_0202f180,2,1
0x0202f1b6,FUN_0202f1b6,8,4
0x0202f1f0,FUN_0202f1f0,24,11
0x0202f384,FUN_0202f384,4,2
0x0202f412,FUN_0202f412,14,5
0x0202f4e0,FUN_0202f4e0,6,3
0x0202f596,FUN_0202f596,4,2
0x0202f62c,FUN_0202f62c,10,4
0x0202f6a8,FUN_0202f6a8,10,4
0x0202f6f0,FUN_0202f6f0,10,4
0x0202f734,FUN_0202f734,1,0
0x0202f7b8,FUN_0202f7b8,1,0
0x0202f7f2,FUN_0202f7f2,8,4
0x0202f9b2,FUN_0202f9b2,18,9
0x0202fa52,FUN_0202fa52,4,2
0x0202fa56,FUN_0202fa56,10,5
0x0202faf2,FUN_0202faf2,4,2
0x0202fbae,FUN_0202fbae,8,4
0x0202fc8a,FUN_0202fc8a,24,12
0x0202fd5e,FUN_0202fd5e,4,2
0x0202fe2e,FUN_0202fe2e,12,6
0x02030102,FUN_02030102,12,5
0x020304bc,FUN_020304bc,38,11
0x02030654,FUN_02030654,22,8
0x020306c6,FUN_020306c6,8,3
0x020308ea,FUN_020308ea,4,2
0x0203091c,FUN_0203091c,18,5
0x02030942,FUN_02030942,4,2
0x020309b4,FUN_020309b4,12,4
0x020309fa,FUN_020309fa,4,2
0x02030a7c,FUN_02030a7c,20,8
0x02030bd8,FUN_02030bd8,4,2
0x020314cc,FUN_020314cc,10,3
0x02031690,FUN_02031690,16,8
0x02031780,FUN_02031780,8,2
0x020318b0,FUN_020318b0,4,2
0x02031a18,FUN_02031a18,4,2
0x02031a8a,FUN_02031a8a,20,8
0x02031ad0,FUN_02031ad0,6,3
0x02031ad6,FUN_02031ad6,10,3
0x02031af4,FUN_02031af4,4,2
0x02031c8c,FUN_02031c8c,1,0
0x02031dfe,FUN_02031dfe,4,2
0x02031e70,FUN_02031e70,2,1
0x02031edc,FUN_02031edc,12,4
0x02032140,FUN_02032140,4,2
0x02032490,FUN_02032490,4,2
0x0203249c,FUN_0203249c,54,21
0x020328f4,FUN_020328f4,14,4
0x02032902,FUN_02032902,10,4
0x020329e6,FUN_020329e6,12,4
0x02032a08,FUN_02032a08,10,5
0x02032a68,FUN_02032a68,8,2
0x02032a90,FUN_02032a90,26,12
0x02032b06,FUN_02032b06,6,3
0x02032ba4,FUN_02032ba4,44,17
0x02032be2,FUN_02032be2,22,9
0x02032c10,FUN_02032c10,34,14
0x02032e6c,FUN_02032e6c,2,1
0x02032e92,FUN_02032e92,20,4
0x020330b4,FUN_020330b4,4,2
0x020333a6,FUN_020333a6,12,3
0x020335f4,FUN_020335f4,4,2
0x02033782,FUN_02033782,1,0
0x02033796,FUN_02033796,14,3
0x020337cc,FUN_020337cc,1,0
0x020337f2,FUN_020337f2,6,3
0x0203386c,FUN_0203386c,22,8
0x0203392c,FUN_0203392c,1,0
0x02033948,FUN_02033948,1,0
0x02033964,FUN_02033964,1,0
0x02033978,FUN_02033978,6,3
0x020339ea,FUN_020339ea,16,6
0x02033a16,FUN_02033a16,12,4
0x02033a62,FUN_02033a62,1,0
0x02033a7e,FUN_02033a7e,8,2
0x02033a8c,FUN_02033a8c,10,3
0x02033b30,FUN_02033b30,12,6
0x02033ba2,FUN_02033ba2,1,0
0x02033c04,FUN_02033c04,1,0
0x02033c56,FUN_02033c56,1,0
0x02033dfa,FUN_02033dfa,6,2
0x02033ece,FUN_02033ece,1,0
0x02033fbe,FUN_02033fbe,2,1
0x02033fce,FUN_02033fce,4,1
0x02034050,FUN_02034050,1,0
0x020340da,FUN_020340da,8,3
0x02034196,FUN_02034196,1,0
0x0203419c,FUN_0203419c,1,0
0x020341b0,FUN_020341b0,6,2
0x020341d8,FUN_020341d8,4,2
0x02034208,FUN_02034208,1,0
0x020343f4,FUN_020343f4,2,1
0x0203477c,FUN_0203477c,2,1
0x02034852,FUN_02034852,8,2
0x020348cc,FUN_020348cc,14,5
0x020348f0,FUN_020348f0,4,2
0x02034a28,FUN_02034a28,8,2
0x02034a3c,FUN_02034a3c,10,3
0x02034a52,FUN_02034a52,8,2
0x02034aee,FUN_02034aee,2,1
0x02034b04,FUN_02034b04,12,4
0x02034b2c,FUN_02034b2c,8,2
0x02034c38,FUN_02034c38,6,1
0x02034c68,FUN_02034c68,14,5
0x02034e02,FUN_02034e02,6,1
0x02034ed2,FUN_02034ed2,4,2
0x02035044,FUN_02035044,4,2
0x020350d0,FUN_020350d0,10,5
0x020351f4,FUN_020351f4,12,3
0x0203554c,FUN_0203554c,16,6
0x0203560c,FUN_0203560c,8,4
0x020361aa,FUN_020361aa,4,2
0x02036448,FUN_02036448,2,1
0x02036478,FUN_02036478,2,1
0x0203657a,FUN_0203657a,4,2
0x02036586,FUN_02036586,4,2
0x020365c8,FUN_020365c8,18,7
0x02036758,FUN_02036758,6,3
0x0203675e,FUN_0203675e,4,2
0x02036906,FUN_02036906,10,5
0x020369d2,FUN_020369d2,1,0
0x02036cde,FUN_02036cde,4,2
0x02036e58,FUN_02036e58,2,1
0x02036f1a,FUN_02036f1a,10,5
0x0203728a,FUN_0203728a,12,4
0x02037622,FUN_02037622,10,5
0x02037636,FUN_02037636,8,4
0x0203763e,FUN_0203763e,12,6
0x020376a0,FUN_020376a0,8,4
0x020376a8,FUN_020376a8,12,4
0x020376d0,FUN_020376d0,2,1
0x02037702,FUN_02037702,4,2
0x02037766,FUN_02037766,4,2
0x020377aa,FUN_020377aa,14,5
0x020377e4,FUN_020377e4,20,8
0x020377f8,FUN_020377f8,8,4
0x0203781e,FUN_0203781e,6,3
0x0203786e,FUN_0203786e,10,4
0x02037878,FUN_02037878,38,16
0x020378a6,FUN_020378a6,20,8
0x020378ba,FUN_020378ba,10,4
0x020378c4,FUN_020378c4,14,5
0x0203791e,FUN_0203791e,8,4
0x02037ca2,FUN_02037ca2,1,0
0x0203807e,FUN_0203807e,1,0
0x020380d2,FUN_020380d2,2,1
0x0203819e,FUN_0203819e,1,0
0x02038296,FUN_02038296,8,4
0x02038388,FUN_02038388,18,9
0x02038530,FUN_02038530,1,0
0x0203862a,FUN_0203862a,4,2
0x02038636,FUN_02038636,4,2
0x0203869a,FUN_0203869a,1,0
0x020386a8,FUN_020386a8,6,3
0x02038702,FUN_02038702,4,2
0x02038766,FUN_02038766,12,4
0x020387fc,FUN_020387fc,2,1
0x020389ce,FUN_020389ce,12,6
0x02038cce,FUN_02038cce,8,4
0x02038d22,FUN_02038d22,10,5
0x02038d74,FUN_02038d74,66,31
0x02038df2,FUN_02038df2,26,7
0x02038e34,FUN_02038e34,4,2
0x02038ed0,FUN_02038ed0,6,3
0x02038ee2,FUN_02038ee2,8,4
0x020395c6,FUN_020395c6,6,3
0x0203967c,FUN_0203967c,4,2
0x020396e0,FUN_020396e0,10,4
0x02039712,FUN_02039712,4,2
0x0203972c,FUN_0203972c,4,2
0x02039de8,FUN_02039de8,14,7
0x0203a1e2,FUN_0203a1e2,4,2
0x0203a21e,FUN_0203a21e,6,3
0x0203a288,FUN_0203a288,10,5
0x0203a5ee,FUN_0203a5ee,6,3
0x0203a6cc,FUN_0203a6cc,10,5
0x0203a75c,FUN_0203a75c,4,2
0x0203a7d8,FUN_0203a7d8,6,3
0x0203a866,FUN_0203a866,2,1
0x0203aab2,FUN_0203aab2,14,7
0x0203aac0,FUN_0203aac0,2,1
0x0203ae92,FUN_0203ae92,4,2
0x0203aece,FUN_0203aece,2,1
0x0203af12,FUN_0203af12,22,11
0x0203b0e4,FUN_0203b0e4,10,5
0x0203b39e,FUN_0203b39e,4,2
0x0203b3aa,FUN_0203b3aa,4,2
0x0203b3b6,FUN_0203b3b6,4,2
0x0203b4a2,FUN_0203b4a2,4,2
0x0203b58e,FUN_0203b58e,6,3
0x0203b594,FUN_0203b594,18,7
0x0203b6f4,FUN_0203b6f4,2,1
0x0203ba48,FUN_0203ba48,12,5
0x0203c0ae,FUN_0203c0ae,1,0
0x0203c3f8,FUN_0203c3f8,2,1
0x0203c642,FUN_0203c642,6,3
0x0203c8b2,FUN_0203c8b2,4,2
0x0203c912,FUN_0203c912,4,2
0x0203c92a,FUN_0203c92a,4,2
0x0203c99e,FUN_0203c99e,1,0
0x0203ccb2,FUN_0203ccb2,4,2
0x0203cd70,FUN_0203cd70,24,8
0x0203ce06,FUN_0203ce06,4,2
0x0203d94c,FUN_0203d94c,1,0
0x0203d97a,FUN_0203d97a,4,2
0x0203dbb4,FUN_0203dbb4,2,1
0x0203df30,FUN_0203df30,1,0
0x0203e030,FUN_0203e030,6,3
0x0203e03c,FUN_0203e03c,2,1
0x0203e2a8,FUN_0203e2a8,2,1
0x0203e376,FUN_0203e376,2,1
0x0203e438,FUN_0203e438,2,1
0x0203e5ba,FUN_0203e5ba,2,1
0x0203e720,FUN_0203e720,2,1
0x0203e876,FUN_0203e876,4,2
0x0203e962,FUN_0203e962,2,1
0x0203eb14,FUN_0203eb14,4,2
0x0203edba,FUN_0203edba,1,0
0x0203ee9e,FUN_0203ee9e,8,2
0x0203eec8,FUN_0203eec8,1,0
0x0203eeee,FUN_0203eeee,34,7
0x0203ef56,FUN_0203ef56,8,2
0x0203f018,FUN_0203f018,12,3
0x0203f0b0,FUN_0203f0b0,12,4
0x0203f6e0,FUN_0203f6e0,12,3
0x0203f730,FUN_0203f730,12,3
0x0203f79a,FUN_0203f79a,12,3
0x0203f838,FUN_0203f838,10,2
0x0203fe72,FUN_0203fe72,18,8
0x02040074,FUN_02040074,12,4
0x020404ae,FUN_020404ae,16,6
0x0204055a,FUN_0204055a,2,1
0x020405c0,FUN_020405c0,20,8
0x02040602,FUN_02040602,16,6
0x02040cfc,FUN_02040cfc,8,2
0x02040d2e,FUN_02040d2e,14,5
0x02040df0,FUN_02040df0,8,2
0x020413fa,FUN_020413fa,12,6
0x0204145e,FUN_0204145e,18,8
0x0204163e,FUN_0204163e,1,0
0x02042650,FUN_02042650,1,0
0x0204271c,FUN_0204271c,4,2
0x020429c4,FUN_020429c4,2,1
0x020429e2,FUN_020429e2,1,0
0x02042a04,FUN_02042a04,6,3
0x02042b96,FUN_02042b96,1,0
0x02042d88,FUN_02042d88,2,1
0x02042e76,thunk_FUN_02042d88,2,1
0x02042f34,FUN_02042f34,2,1
0x0204334e,FUN_0204334e,2,1
0x020433e2,FUN_020433e2,2,1
0x0204362a,FUN_0204362a,1,0
0x0204391c,FUN_0204391c,6,3
0x02043964,FUN_02043964,4,2
0x02043b60,FUN_02043b60,2,1
0x02043ba4,FUN_02043ba4,4,2
0x02043c52,FUN_02043c52,4,2
0x02043c6a,FUN_02043c6a,1,0
0x02043ee6,FUN_02043ee6,2,1
0x020440bc,FUN_020440bc,4,2
0x0204474a,FUN_0204474a,8,4
0x02046426,FUN_02046426,1,0
0x02046594,FUN_02046594,1,0
0x02049126,FUN_02049126,2,1
0x020491be,FUN_020491be,1,0
0x02049e2a,FUN_02049e2a,1,0
0x02049e2e,FUN_02049e2e,6,1
0x0204a780,FUN_0204a780,1,0
0x0204b21a,FUN_0204b21a,4,2
0x0204b5e4,FUN_0204b5e4,2,1
0x0204d346,FUN_0204d346,1,0
0x0204d35c,FUN_0204d35c,2,1
0x0204d3ae,FUN_0204d3ae,1,0
0x0204d3b0,FUN_0204d3b0,4,2
0x0204d3d2,FUN_0204d3d2,4,2
0x0204d3f8,FUN_0204d3f8,2,1
0x0204d406,FUN_0204d406,2,1
0x0204d4fc,FUN_0204d4fc,6,3
0x0204d564,FUN_0204d564,4,2
0x0204d592,FUN_0204d592,4,2
0x0204d71e,FUN_0204d71e,2,1
0x0204d72c,FUN_0204d72c,1,0
0x0204d732,FUN_0204d732,1,0
0x0204d750,FUN_0204d750,1,0
0x02051372,FUN_02051372,2,1
0x020514d4,FUN_020514d4,2,1
0x02051c2a,FUN_02051c2a,6,3
0x02051c60,FUN_02051c60,1,0
0x02051e30,FUN_02051e30,1,0
0x02052010,FUN_02052010,18,9
0x0205222c,FUN_0205222c,4,2
0x02052e00,FUN_02052e00,8,4
0x02053030,FUN_02053030,1,0
0x02053160,FUN_02053160,2,1
0x02054da8,FUN_02054da8,4,2
0x02055c00,FUN_02055c00,4,2
0x02055c36,FUN_02055c36,4,2
0x02055d48,FUN_02055d48,8,3
0x02055d50,FUN_02055d50,4,2
0x020560dc,FUN_020560dc,8,4
0x020562f0,FUN_020562f0,2,1
0x020565a6,FUN_020565a6,10,3
0x02056670,FUN_02056670,10,3
0x0205668e,FUN_0205668e,8,3
0x020566f0,FUN_020566f0,2,1
0x0205672e,FUN_0205672e,14,4
0x02056e50,FUN_02056e50,2,1
0x02056f1c,FUN_02056f1c,1,0
0x02057030,FUN_02057030,1,0
0x020570f4,FUN_020570f4,4,1
0x0205789a,FUN_0205789a,4,2
0x02057fb8,FUN_02057fb8,2,1
0x0205884a,FUN_0205884a,2,1
0x02058a66,FUN_02058a66,4,2
0x02058ad0,FUN_02058ad0,4,2
0x02058b0c,FUN_02058b0c,18,9
0x02058b82,FUN_02058b82,2,1
0x02058bbe,FUN_02058bbe,18,9
0x02058c0e,FUN_02058c0e,4,2
0x02058c88,FUN_02058c88,16,8
0x02058c9e,FUN_02058c9e,10,3
0x02058cc2,FUN_02058cc2,24,6
0x02058e6c,FUN_02058e6c,18,5
0x02058f26,FUN_02058f26,4,2
0x0205900c,FUN_0205900c,16,5
0x020590c4,FUN_020590c4,30,11
0x020590e2,FUN_020590e2,1,0
0x020590fc,FUN_020590fc,4,2
0x02059174,FUN_02059174,4,2
0x02059212,FUN_02059212,2,1
0x0205924e,FUN_0205924e,6,3
0x020593ac,FUN_020593ac,4,2
0x020594d6,FUN_020594d6,14,6
0x02059580,FUN_02059580,10,5
0x020596f8,FUN_020596f8,4,2
0x02059722,FUN_02059722,8,2
0x02059a44,FUN_02059a44,30,11
0x02059a62,FUN_02059a62,6,3
0x02059aa0,FUN_02059aa0,4,2
0x02059ab2,FUN_02059ab2,24,11
0x02059b74,FUN_02059b74,32,11
0x02059b94,FUN_02059b94,18,7
0x02059cfa,FUN_02059cfa,14,6
0x02059d7e,FUN_02059d7e,4,2
0x02059e76,FUN_02059e76,8,4
0x0205a09c,FUN_0205a09c,8,4
0x0205a120,FUN_0205a120,2,1
0x0205a1ae,FUN_0205a1ae,2,1
0x0205a1ba,FUN_0205a1ba,4,2
0x0205a350,FUN_0205a350,1,0
0x0205a3f0,FUN_0205a3f0,4,2
0x0205a440,FUN_0205a440,4,2
0x0205a580,FUN_0205a580,14,7
0x0205a7e0,FUN_0205a7e0,2,1
0x0205a89a,FUN_0205a89a,2,1
0x0205a8be,FUN_0205a8be,4,2
0x0205a922,FUN_0205a922,4,2
0x0205ae98,FUN_0205ae98,2,1
0x0205b036,FUN_0205b036,2,1
0x0205b47a,FUN_0205b47a,12,5
0x0205b4e0,FUN_0205b4e0,12,5
0x0205b520,FUN_0205b520,32,13
0x0205b69e,FUN_0205b69e,10,4
0x0205b7da,FUN_0205b7da,8,3
0x0205b86e,FUN_0205b86e,4,2
0x0205b89a,FUN_0205b89a,12,5
0x0205b8d8,FUN_0205b8d8,10,4
0x0205be12,FUN_0205be12,12,4
0x0205bfea,FUN_0205bfea,1,0
0x0205c5b8,FUN_0205c5b8,18,5
0x0205ccbe,FUN_0205ccbe,8,2
0x0205db58,FUN_0205db58,12,6
0x0205df56,FUN_0205df56,4,2
0x0205e1ca,FUN_0205e1ca,8,2
0x0205e320,FUN_0205e320,2,1
0x0205e71e,FUN_0205e71e,6,3
0x0205e736,FUN_0205e736,1,0
0x0205e758,FUN_0205e758,12,6
0x0205e88c,FUN_0205e88c,18,5
0x0205e8b2,FUN_0205e8b2,4,2
0x0205e962,FUN_0205e962,2,1
0x0205ea6a,FUN_0205ea6a,8,4
0x0205ebbc,FUN_0205ebbc,1,0
0x0205ebc8,FUN_0205ebc8,14,5
0x0205ebde,FUN_0205ebde,4,2
0x0205ec50,FUN_0205ec50,4,2
0x0205ecc4,FUN_0205ecc4,4,2
0x0205ecec,FUN_0205ecec,6,3
0x0205ee04,FUN_0205ee04,18,8
0x0205ee48,FUN_0205ee48,12,5
0x0205ee86,FUN_0205ee86,2,1
0x0205eea6,FUN_0205eea6,1,0
0x0205eeba,FUN_0205eeba,12,6
0x0205ef10,FUN_0205ef10,2,1
0x0205ef76,FUN_0205ef76,32,13
0x0205efb8,FUN_0205efb8,6,3
0x0205efce,FUN_0205efce,6,2
0x0205f02a,FUN_0205f02a,8,3
0x0205f032,FUN_0205f032,22,9
0x0205f052,FUN_0205f052,6,3
0x0205f114,FUN_0205f114,4,2
0x0205f138,FUN_0205f138,2,1
0x0205f14e,FUN_0205f14e,4,1
0x0205f16c,FUN_0205f16c,12,5
0x0205f178,FUN_0205f178,4,2
0x0205f74e,FUN_0205f74e,10,5
0x0205f768,FUN_0205f768,16,6
0x0205f7ac,FUN_0205f7ac,8,2
0x0205f804,FUN_0205f804,20,7
0x0205f81e,FUN_0205f81e,12,5
0x0205f82a,FUN_0205f82a,4,2
0x0205f8f8,FUN_0205f8f8,14,5
0x0205f916,FUN_0205f916,2,1
0x0205faa0,FUN_0205faa0,1,0
0x0205fad2,FUN_0205fad2,4,2
0x0205fae0,FUN_0205fae0,16,7
0x0205fb3c,FUN_0205fb3c,6,3
0x0205fb60,FUN_0205fb60,12,5
0x0205fb78,FUN_0205fb78,2,1
0x0205fc14,FUN_0205fc14,8,4
0x0205fc1c,FUN_0205fc1c,10,3
0x0205fc40,FUN_0205fc40,14,5
0x0205fc4e,FUN_0205fc4e,18,8
0x0205fc60,FUN_0205fc60,10,3
0x0205fc92,FUN_0205fc92,4,2
0x0205fcac,FUN_0205fcac,4,2
0x0205fcc4,FUN_0205fcc4,4,2
0x0205fce8,FUN_0205fce8,4,2
0x0205fd08,FUN_0205fd08,14,6
0x0205fd84,FUN_0205fd84,4,2
0x0206008e,FUN_0206008e,4,1
0x02060104,FUN_02060104,1,0
0x0206011c,FUN_0206011c,2,1
0x020601a2,FUN_020601a2,4,2
0x020601b8,FUN_020601b8,10,4
0x020601c6,FUN_020601c6,20,8
0x02060382,FUN_02060382,28,10
0x02060488,FUN_02060488,6,3
0x02060714,FUN_02060714,4,2
0x0206073c,FUN_0206073c,1,0
0x02060758,FUN_02060758,16,7
0x02060772,FUN_02060772,2,1
0x02060780,FUN_02060780,4,2
0x020607c4,FUN_020607c4,4,2
0x020608e6,FUN_020608e6,4,2
0x02060b36,FUN_02060b36,6,3
0x02060c9e,FUN_02060c9e,4,2
0x02060cc2,FUN_02060cc2,22,9
0x0206113c,FUN_0206113c,20,9
0x020611a0,FUN_020611a0,10,5
0x020611cc,FUN_020611cc,4,2
0x02061254,FUN_02061254,1,0
0x02061728,FUN_02061728,20,7
0x0206173c,FUN_0206173c,12,5
0x02061748,FUN_02061748,8,3
0x02061756,FUN_02061756,4,2
0x02061782,FUN_02061782,14,5
0x02061cca,FUN_02061cca,8,2
0x02061cf6,FUN_02061cf6,1,0
0x02061d00,FUN_02061d00,1,0
0x02061d0c,FUN_02061d0c,12,6
0x02061d6a,FUN_02061d6a,12,6
0x02061dcc,FUN_02061dcc,6,3
0x02061dfa,FUN_02061dfa,10,3
0x02061e84,FUN_02061e84,4,2
0x02061e9a,FUN_02061e9a,10,5
0x02061f40,FUN_02061f40,6,3
0x02061f92,FUN_02061f92,10,5
0x0206201a,FUN_0206201a,10,5
0x020620a2,FUN_020620a2,10,5
0x020620e0,FUN_020620e0,10,3
0x02062146,FUN_02062146,4,2
0x02062190,FUN_02062190,4,2
0x020621d0,FUN_020621d0,6,3
0x02062356,FUN_02062356,4,2
0x020623f4,FUN_020623f4,6,3
0x020627b4,FUN_020627b4,2,1
0x020627de,FUN_020627de,4,2
0x02062a98,FUN_02062a98,16,6
0x02062b68,FUN_02062b68,8,2
0x02062bce,FUN_02062bce,2,1
0x02062bf6,FUN_02062bf6,12,6
0x02062c10,FUN_02062c10,10,3
0x02062daa,FUN_02062daa,28,12
0x02062dee,FUN_02062dee,16,6
0x02062ec4,FUN_02062ec4,28,12
0x02062f0c,FUN_02062f0c,16,6
0x02062f40,FUN_02062f40,2,1
0x02062f80,FUN_02062f80,10,3
0x0206321e,FUN_0206321e,24,10
0x02063252,FUN_02063252,4,2
0x02063268,FUN_02063268,4,2
0x0206342e,FUN_0206342e,4,2
0x02063620,FUN_02063620,4,2
0x02063706,FUN_02063706,14,5
0x02063738,FUN_02063738,18,7
0x020637d8,FUN_020637d8,8,4
0x02063866,FUN_02063866,1,0
0x020638a0,FUN_020638a0,14,6
0x02063950,FUN_02063950,12,4
0x020639b0,FUN_020639b0,6,3
0x02063a8a,FUN_02063a8a,4,2
0x0206432e,FUN_0206432e,6,3
0x020644d6,FUN_020644d6,10,3
0x020644e0,FUN_020644e0,10,5
0x02064522,FUN_02064522,4,2
0x02064540,FUN_02064540,1,0
0x02064554,FUN_02064554,6,3
0x020645a0,FUN_020645a0,4,2
0x020645fc,FUN_020645fc,18,6
0x0206475c,FUN_0206475c,32,15
0x02064ab6,FUN_02064ab6,6,3
0x02064bc6,FUN_02064bc6,6,3
0x02064e1a,FUN_02064e1a,16,8
0x02065166,FUN_02065166,6,1
0x020653de,FUN_020653de,18,9
0x020654e6,FUN_020654e6,74,37
0x02065686,FUN_02065686,12,4
0x020656ac,FUN_020656ac,8,2
0x02065790,FUN_02065790,4,2
0x02065798,FUN_02065798,10,5
0x020657f4,FUN_020657f4,6,3
0x020658dc,FUN_020658dc,4,2
0x020658fe,FUN_020658fe,4,2
0x02065956,FUN_02065956,4,2
0x02065986,FUN_02065986,2,1
0x020659b0,FUN_020659b0,8,2
0x02065b66,FUN_02065b66,4,2
0x02065bf6,FUN_02065bf6,4,2
0x02065fac,FUN_02065fac,12,4
0x020660a2,FUN_020660a2,6,3
0x02066162,FUN_02066162,2,1
0x020662d6,FUN_020662d6,6,3
0x020663ce,FUN_020663ce,4,2
0x020663e4,FUN_020663e4,4,2
0x02066424,FUN_02066424,4,2
0x020664b0,FUN_020664b0,1,0
0x020664b6,FUN_020664b6,4,2
0x0206650e,FUN_0206650e,4,2
0x0206655a,FUN_0206655a,2,1
0x020665be,FUN_020665be,18,9
0x020666e4,FUN_020666e4,16,6
0x020666f4,FUN_020666f4,6,3
0x020667aa,FUN_020667aa,14,5
0x020667c0,FUN_020667c0,12,4
0x020667d8,FUN_020667d8,4,2
0x02066816,FUN_02066816,4,2
0x02066854,FUN_02066854,16,6
0x0206689a,FUN_0206689a,8,4
0x020668a2,FUN_020668a2,6,3
0x020668c6,FUN_020668c6,6,3
0x0206699e,FUN_0206699e,12,4
0x020669b2,FUN_020669b2,8,4
0x02066a56,FUN_02066a56,4,2
0x02066aa8,FUN_02066aa8,4,2
0x02066aca,FUN_02066aca,10,3
0x02066af6,FUN_02066af6,10,5
0x02066b26,FUN_02066b26,12,4
0x02066b76,FUN_02066b76,4,2
0x02066baa,FUN_02066baa,4,2
0x02066c40,FUN_02066c40,2,1
0x02066cfa,FUN_02066cfa,6,3
0x02068154,FUN_02068154,4,1
0x02068410,FUN_02068410,4,2
0x02068432,FUN_02068432,8,3
0x020684b4,FUN_020684b4,6,3
0x0206855c,FUN_0206855c,30,11
0x02068582,FUN_02068582,6,3
0x0206859e,FUN_0206859e,16,7
0x02068618,FUN_02068618,6,3
0x0206863a,FUN_0206863a,4,2
0x02068650,FUN_02068650,8,2
0x02068666,FUN_02068666,6,3
0x02068742,FUN_02068742,2,1
0x020687a2,FUN_020687a2,8,4
0x02068808,FUN_02068808,26,11
0x0206883c,FUN_0206883c,8,4
0x020688d4,FUN_020688d4,6,3
0x020688f2,FUN_020688f2,2,1
0x02068956,FUN_02068956,22,7
0x02068998,FUN_02068998,14,5
0x020689b2,FUN_020689b2,6,3
0x02068bec,FUN_02068bec,4,2
0x02068c12,FUN_02068c12,6,3
0x02068e3a,FUN_02068e3a,2,1
0x02069000,FUN_02069000,6,3
0x020690e6,FUN_020690e6,14,6
0x0206914e,FUN_0206914e,4,2
0x02069a78,FUN_02069a78,6,3
0x02069a92,FUN_02069a92,4,2
0x02069b24,FUN_02069b24,16,4
0x02069b3c,FUN_02069b3c,10,3
0x02069b62,FUN_02069b62,2,1
0x02069b90,FUN_02069b90,8,2
0x02069bb8,FUN_02069bb8,6,3
0x02069d8a,FUN_02069d8a,26,10
0x02069dae,FUN_02069dae,16,6
0x02069dca,FUN_02069dca,10,5
0x0206a8be,FUN_0206a8be,4,2
0x0206abfe,FUN_0206abfe,8,4
0x0206ac90,FUN_0206ac90,10,5
0x0206acca,FUN_0206acca,4,2
0x0206ae08,FUN_0206ae08,8,4
0x0206af2c,FUN_0206af2c,1,0
0x0206b004,FUN_0206b004,36,10
0x0206b27c,FUN_0206b27c,1,0
0x0206b394,FUN_0206b394,10,3
0x0206b41a,FUN_0206b41a,10,3
0x0206ba72,FUN_0206ba72,8,2
0x0206baa2,FUN_0206baa2,8,2
0x0206bb38,FUN_0206bb38,6,3
0x0206c0ac,FUN_0206c0ac,8,3
0x0206c728,FUN_0206c728,4,1
0x0206ca32,FUN_0206ca32,18,8
0x0206caec,FUN_0206caec,6,3
0x0206cb0c,FUN_0206cb0c,8,4
0x0206cb86,FUN_0206cb86,14,7
0x0206cd50,FUN_0206cd50,16,7
0x0206ceb2,FUN_0206ceb2,12,5
0x0206d574,FUN_0206d574,1,0
0x0206d816,FUN_0206d816,4,2
0x0206d830,FUN_0206d830,8,4
0x0206d838,FUN_0206d838,2,1
0x0206d862,FUN_0206d862,6,3
0x0206d868,FUN_0206d868,14,7
0x0206d876,FUN_0206d876,12,3
0x0206d8a6,FUN_0206d8a6,8,2
0x0206d8e0,FUN_0206d8e0,16,6
0x0206da20,FUN_0206da20,1,0
0x0206da96,FUN_0206da96,4,2
0x0206db14,FUN_0206db14,6,1
0x0206db26,FUN_0206db26,8,4
0x0206db5e,FUN_0206db5e,10,5
0x0206db6e,FUN_0206db6e,8,2
0x0206dbaa,FUN_0206dbaa,10,3
0x0206dbda,FUN_0206dbda,10,5
0x0206dbf0,FUN_0206dbf0,4,2
0x0206dca4,FUN_0206dca4,8,2
0x0206dcea,FUN_0206dcea,2,1
0x0206dcfe,FUN_0206dcfe,6,3
0x0206e064,FUN_0206e064,2,1
0x0206e1f6,FUN_0206e1f6,4,2
0x0206e21e,FUN_0206e21e,1,0
0x0206e238,FUN_0206e238,28,10
0x0206e278,FUN_0206e278,4,2
0x0206e382,FUN_0206e382,12,3
0x0206e3a6,FUN_0206e3a6,4,2
0x0206e4ba,FUN_0206e4ba,2,1
0x0206e4d8,FUN_0206e4d8,18,6
0x0206e500,FUN_0206e500,20,6
0x0206e524,FUN_0206e524,1,0
0x0206e6c4,FUN_0206e6c4,2,1
0x0206e72e,FUN_0206e72e,4,2
0x0206eda0,FUN_0206eda0,1,0
0x0206ef16,FUN_0206ef16,4,2
0x0206efc6,FUN_0206efc6,18,5
0x0206f008,FUN_0206f008,26,9
0x0206f05e,FUN_0206f05e,6,1
0x0206f072,FUN_0206f072,8,2
0x0206f0ec,FUN_0206f0ec,30,11
0x0206f268,FUN_0206f268,18,7
0x0206f382,FUN_0206f382,6,1
0x0206f3a6,FUN_0206f3a6,18,5
0x0206f46a,FUN_0206f46a,10,3
0x0206f4a0,FUN_0206f4a0,88,36
0x0206f4f8,FUN_0206f4f8,2,1
0x0206f6ba,FUN_0206f6ba,1,0
0x0206f6d4,FUN_0206f6d4,1,0
0x0206f6e4,FUN_0206f6e4,1,0
0x0206f6f8,FUN_0206f6f8,4,2
0x0206f718,FUN_0206f718,4,2
0x0206f732,FUN_0206f732,6,1
0x0206f752,FUN_0206f752,4,2
0x0206f908,FUN_0206f908,8,2
0x0206f938,FUN_0206f938,16,8
0x0206f9d8,FUN_0206f9d8,8,2
0x0206fc04,FUN_0206fc04,4,2
0x0206fc14,FUN_0206fc14,16,4
0x0206fd10,FUN_0206fd10,4,2
0x0206fd48,FUN_0206fd48,1,0
0x0206ff28,FUN_0206ff28,1,0
0x0206ff5c,FUN_0206ff5c,8,2
0x0206ff90,FUN_0206ff90,4,2
0x02070298,FUN_02070298,24,10
0x02070404,FUN_02070404,1,0
0x02070592,FUN_02070592,1,0
0x020705be,FUN_020705be,20,10
0x02070664,FUN_02070664,10,3
0x02070706,FUN_02070706,6,1
0x02070716,FUN_02070716,4,2
0x02070762,FUN_02070762,12,5
0x0207093a,FUN_0207093a,22,11
0x02070a7c,FUN_02070a7c,1,0
0x02070a86,FUN_02070a86,1,0
0x02070b30,FUN_02070b30,4,2
0x02070b78,FUN_02070b78,8,3
0x02070b86,FUN_02070b86,10,5
0x02070bac,FUN_02070bac,24,8
0x0207165a,FUN_0207165a,4,1
0x02071724,FUN_02071724,1,0
0x02071752,FUN_02071752,6,2
0x02071c34,FUN_02071c34,1,0
0x02071cde,FUN_02071cde,1,0
0x0207211a,FUN_0207211a,16,7
0x02072168,FUN_02072168,28,11
0x0207232a,FUN_0207232a,2,1
0x0207271c,FUN_0207271c,8,2
0x02072b56,FUN_02072b56,1,0
0x02072faa,FUN_02072faa,6,3
0x02072fe4,FUN_02072fe4,26,9
0x020731c8,FUN_020731c8,4,2
0x02073320,FUN_02073320,1,0
0x02073372,FUN_02073372,1,0
0x020734cc,FUN_020734cc,8,2
0x02073754,FUN_02073754,22,9
0x02073798,FUN_02073798,2,1
0x02073872,FUN_02073872,1,0
0x020738f4,FUN_020738f4,1,0
0x0207391c,FUN_0207391c,8,2
0x02073962,FUN_02073962,8,2
0x02073a6c,FUN_02073a6c,4,2
0x02073b5e,FUN_02073b5e,4,2
0x02073cae,FUN_02073cae,4,2
0x02073d9e,FUN_02073d9e,4,2
0x0207470c,FUN_0207470c,6,3
0x0207471a,FUN_0207471a,22,11
0x02074736,FUN_02074736,10,5
0x02074756,FUN_02074756,16,6
0x02074784,FUN_02074784,26,11
0x020747ba,FUN_020747ba,10,3
0x020747e6,FUN_020747e6,8,2
0x020748a0,FUN_020748a0,10,3
0x02074a04,FUN_02074a04,18,7
0x02074a28,FUN_02074a28,8,2
0x02074b2e,FUN_02074b2e,12,4
0x02074b42,FUN_02074b42,10,5
0x02074b54,FUN_02074b54,14,5
0x02074b62,FUN_02074b62,14,5
0x02075072,FUN_02075072,18,7
0x0207513c,FUN_0207513c,10,3
0x02075172,FUN_02075172,16,6
0x020751b0,FUN_020751b0,1,0
0x0207523e,FUN_0207523e,2,1
0x02075248,FUN_02075248,32,16
0x0207526e,FUN_0207526e,4,2
0x02075284,FUN_02075284,1,0
0x02075294,FUN_02075294,4,2
0x02075342,FUN_02075342,4,2
0x020753b8,FUN_020753b8,18,7
0x02075446,FUN_02075446,28,10
0x02075492,FUN_02075492,20,9
0x020754aa,FUN_020754aa,12,3
0x020754c6,FUN_020754c6,10,2
0x020754e0,FUN_020754e0,14,4
0x0207558c,FUN_0207558c,12,3
0x020755f0,FUN_020755f0,32,14
0x0207562a,FUN_0207562a,14,7
0x0207563e,FUN_0207563e,8,2
0x02075650,FUN_02075650,8,4
0x02075658,FUN_02075658,8,2
0x02075724,FUN_02075724,8,2
0x02075742,FUN_02075742,2,1
0x0207574c,FUN_0207574c,12,6
0x02075758,FUN_02075758,4,2
0x02075780,FUN_02075780,6,3
0x020757f6,FUN_020757f6,6,3
0x02075822,FUN_02075822,6,3
0x0207584a,FUN_0207584a,6,3
0x02075870,FUN_02075870,1,0
0x0207587c,FUN_0207587c,12,4
0x02075888,FUN_02075888,24,8
0x02075938,FUN_02075938,10,4
0x02075a40,FUN_02075a40,2,1
0x02075d1a,FUN_02075d1a,6,1
0x02075d2c,FUN_02075d2c,8,2
0x02076100,FUN_02076100,14,5
0x02076156,FUN_02076156,10,3
0x020761a8,FUN_020761a8,2,1
0x0207626c,FUN_0207626c,4,2
0x02076284,FUN_02076284,6,3
0x02076298,FUN_02076298,14,5
0x020762a6,FUN_020762a6,10,3
0x020762d0,FUN_020762d0,4,2
0x020762e4,FUN_020762e4,6,1
0x02076300,FUN_02076300,4,2
0x02076310,FUN_02076310,14,7
0x02076324,FUN_02076324,38,15
0x0207635c,FUN_0207635c,8,4
0x020763e2,FUN_020763e2,10,3
0x02076472,FUN_02076472,22,9
0x020764d0,FUN_020764d0,8,2
0x0207650a,FUN_0207650a,14,5
0x0207659a,thunk_FUN_020765c6,2,1
0x020765c6,FUN_020765c6,2,1
0x0207667a,FUN_0207667a,1,0
0x020766ae,FUN_020766ae,20,5
0x02076a12,FUN_02076a12,6,3
0x02076a42,FUN_02076a42,34,13
0x02076b2a,FUN_02076b2a,12,4
0x02076b60,FUN_02076b60,12,4
0x02076b7a,FUN_02076b7a,8,4
0x02076c00,FUN_02076c00,10,3
0x02076c6e,FUN_02076c6e,16,3
0x02076c90,FUN_02076c90,18,7
0x02076cca,FUN_02076cca,8,2
0x02076d22,FUN_02076d22,72,31
0x02076d8a,FUN_02076d8a,28,11
0x02076ef8,FUN_02076ef8,2,1
0x02076f6a,FUN_02076f6a,76,33
0x02076fcc,FUN_02076fcc,34,15
0x0207704e,FUN_0207704e,34,16
0x02077070,FUN_02077070,2,1
0x0207707a,FUN_0207707a,2,1
0x02077084,FUN_02077084,8,2
0x02077098,FUN_02077098,12,4
0x020770d6,FUN_020770d6,18,6
0x020770e8,FUN_020770e8,6,1
0x02077104,FUN_02077104,6,3
0x02077230,FUN_02077230,14,5
0x0207735e,FUN_0207735e,4,2
0x020773fa,FUN_020773fa,4,2
0x020777ac,FUN_020777ac,8,4
0x020779ee,FUN_020779ee,8,2
0x02077a04,FUN_02077a04,8,4
0x02077a74,FUN_02077a74,12,4
0x02077aba,FUN_02077aba,8,2
0x02077b10,FUN_02077b10,14,4
0x02077b96,FUN_02077b96,4,2
0x02078424,FUN_02078424,12,3
0x02078448,FUN_02078448,4,2
0x02078528,FUN_02078528,8,2
0x02078554,FUN_02078554,2,1
0x02078596,FUN_02078596,10,3
0x0207861e,FUN_0207861e,32,13
0x02078680,FUN_02078680,36,15
0x0207875c,FUN_0207875c,8,2
0x0207878e,FUN_0207878e,18,8
0x020787da,FUN_020787da,28,12
0x02078826,FUN_02078826,16,8
0x02078836,FUN_02078836,2,1
0x0207886c,FUN_0207886c,22,11
0x020788bc,FUN_020788bc,4,2
0x020788f2,FUN_020788f2,14,6
0x0207893e,FUN_0207893e,8,3
0x02078952,FUN_02078952,10,4
0x0207895c,FUN_0207895c,2,1
0x02078972,FUN_02078972,8,2
0x02078a44,FUN_02078a44,14,7
0x02078ab0,FUN_02078ab0,1,0
0x02078aca,FUN_02078aca,20,10
0x02078b40,FUN_02078b40,20,10
0x02078c0a,FUN_02078c0a,14,7
0x02078c7a,FUN_02078c7a,18,9
0x02078d16,FUN_02078d16,18,9
0x02078da6,FUN_02078da6,18,9
0x02078e38,FUN_02078e38,20,10
0x02078ed2,FUN_02078ed2,22,11
0x02078f62,FUN_02078f62,16,8
0x02078fb6,FUN_02078fb6,18,9
0x02078fec,FUN_02078fec,4,2
0x0207915a,FUN_0207915a,4,2
0x020791a2,FUN_020791a2,16,8
0x020794a0,FUN_020794a0,12,5
0x020794b4,FUN_020794b4,12,4
0x020794c0,FUN_020794c0,18,8
0x0207958e,FUN_0207958e,8,3
0x020798a8,FUN_020798a8,16,8
0x020799c2,FUN_020799c2,18,5
0x020799f6,FUN_020799f6,8,4
0x02079c22,FUN_02079c22,2,1
0x02079f50,FUN_02079f50,26,12
0x02079f8a,FUN_02079f8a,1,0
0x02079fd8,FUN_02079fd8,10,4
0x0207a00a,FUN_0207a00a,14,6
0x0207a2e8,FUN_0207a2e8,6,3
0x0207a30e,FUN_0207a30e,6,3
0x0207a31e,FUN_0207a31e,10,5
0x0207a374,FUN_0207a374,10,5
0x0207a398,FUN_0207a398,20,10
0x0207a438,FUN_0207a438,6,3
0x0207a44a,FUN_0207a44a,14,6
0x0207a764,FUN_0207a764,8,4
0x0207a794,FUN_0207a794,8,4
0x0207a7f0,FUN_0207a7f0,4,2
0x0207a7fc,FUN_0207a7fc,22,9
0x0207a812,FUN_0207a812,50,19
0x0207a876,FUN_0207a876,16,8
0x0207a908,FUN_0207a908,14,6
0x0207aaae,FUN_0207aaae,4,2
0x0207aae8,FUN_0207aae8,8,4
0x0207abe4,FUN_0207abe4,14,6
0x0207adfa,FUN_0207adfa,10,5
0x0207ae48,FUN_0207ae48,16,8
0x0207ae7e,FUN_0207ae7e,1,0
0x0207ae8c,FUN_0207ae8c,6,3
0x0207b22c,FUN_0207b22c,26,10
0x0207b246,FUN_0207b246,8,2
0x0207b27c,FUN_0207b27c,2,1
0x0207b28c,FUN_0207b28c,4,2
0x0207b29a,FUN_0207b29a,8,4
0x0207b2a2,FUN_0207b2a2,6,3
0x0207b2c4,FUN_0207b2c4,4,2
0x0207b2ea,FUN_0207b2ea,6,3
0x0207b332,FUN_0207b332,1,0
0x0207b338,FUN_0207b338,8,4
0x0207b352,FUN_0207b352,1,0
0x0207b358,FUN_0207b358,16,8
0x0207b3a8,FUN_0207b3a8,16,7
0x0207b3b8,FUN_0207b3b8,26,12
0x0207b3d2,FUN_0207b3d2,18,8
0x0207b4bc,FUN_0207b4bc,14,5
0x0207b556,FUN_0207b556,4,2
0x0207b5b0,FUN_0207b5b0,4,2
0x0207b5ce,FUN_0207b5ce,8,3
0x0207b5d6,FUN_0207b5d6,6,3
0x0207b69c,FUN_0207b69c,1,0
0x0207b752,FUN_0207b752,4,2
0x0207b7c2,FUN_0207b7c2,4,2
0x0207b7d8,FUN_0207b7d8,4,2
0x0207b7dc,FUN_0207b7dc,6,3
0x0207b7fa,FUN_0207b7fa,4,2
0x0207b82e,FUN_0207b82e,6,3
0x0207b96e,FUN_0207b96e,6,3
0x0207ba5a,FUN_0207ba5a,1,0
0x0207bace,FUN_0207bace,6,3
0x0207bcba,FUN_0207bcba,6,3
0x0207bcd8,FUN_0207bcd8,6,3
0x0207bda4,FUN_0207bda4,2,1
0x0207be0c,FUN_0207be0c,4,2
0x0207be90,FUN_0207be90,32,11
0x0207beb0,FUN_0207beb0,14,6
0x0207c28a,FUN_0207c28a,6,1
0x0207c2a8,FUN_0207c2a8,10,2
0x0207c2c6,FUN_0207c2c6,22,7
0x0207c3a8,FUN_0207c3a8,22,9
0x0207c440,FUN_0207c440,22,8
0x0207c520,FUN_0207c520,4,2
0x0207c552,FUN_0207c552,32,13
0x0207c5dc,FUN_0207c5dc,10,3
0x0207c606,FUN_0207c606,2,1
0x0207c610,FUN_0207c610,2,1
0x0207c61a,FUN_0207c61a,6,3
0x0207ce08,FUN_0207ce08,6,1
0x0207ce1e,FUN_0207ce1e,8,2
0x0207d108,FUN_0207d108,8,2
0x0207d1b8,FUN_0207d1b8,10,5
0x0207d1d8,FUN_0207d1d8,1,0
0x0207d212,FUN_0207d212,12,3
0x0207d286,FUN_0207d286,10,5
0x0207d306,FUN_0207d306,4,2
0x0207d460,FUN_0207d460,6,3
0x0207d4c6,FUN_0207d4c6,10,3
0x0207d6c6,FUN_0207d6c6,8,2
0x0207d768,FUN_0207d768,18,8
0x0207d952,FUN_0207d952,1,0
0x0207dc30,FUN_0207dc30,24,11
0x0207dd38,FUN_0207dd38,1,0
0x0207df44,FUN_0207df44,2,1
0x0207df56,FUN_0207df56,8,4
0x0207dfea,FUN_0207dfea,16,6
0x0207e0aa,FUN_0207e0aa,6,1
0x0207e23c,FUN_0207e23c,8,2
0x0207e270,FUN_0207e270,20,10
0x0207e296,FUN_0207e296,8,2
0x0207e2a8,FUN_0207e2a8,10,3
0x0207e2e4,FUN_0207e2e4,8,2
0x0207e2f6,FUN_0207e2f6,10,3
0x0207e30c,FUN_0207e30c,8,2
0x0207e320,FUN_0207e320,2,1
0x0207e346,FUN_0207e346,10,3
0x0207e386,FUN_0207e386,8,4
0x0207e3a8,FUN_0207e3a8,8,2
0x0207e3d8,FUN_0207e3d8,2,1
0x0207e3ee,FUN_0207e3ee,8,4
0x0207e3f6,FUN_0207e3f6,4,2
0x0207e440,FUN_0207e440,6,3
0x0207e446,FUN_0207e446,12,4
0x0207e510,FUN_0207e510,4,2
0x0207e540,FUN_0207e540,12,4
0x0207e55c,FUN_0207e55c,8,2
0x0207e57c,FUN_0207e57c,8,2
0x0207e63a,FUN_0207e63a,1,0
0x0207e65a,FUN_0207e65a,24,10
0x0207e672,FUN_0207e672,12,4
0x0207e73e,FUN_0207e73e,16,6
0x0207e75a,FUN_0207e75a,18,7
0x0207e788,FUN_0207e788,10,3
0x0207e7aa,FUN_0207e7aa,24,11
0x0207e7e4,FUN_0207e7e4,6,3
0x0207e7ea,FUN_0207e7ea,8,4
0x0207e818,FUN_0207e818,10,3
0x0207e8bc,FUN_0207e8bc,1,0
0x0207e8c2,FUN_0207e8c2,16,8
0x0207e90c,FUN_0207e90c,4,2
0x0207e938,FUN_0207e938,10,3
0x0207ea7e,FUN_0207ea7e,10,3
0x0207f102,FUN_0207f102,16,8
0x0207f482,FUN_0207f482,10,3
0x0207f5f6,FUN_0207f5f6,20,9
0x0207f668,FUN_0207f668,1,0
0x0207f67c,FUN_0207f67c,14,5
0x0207fcfa,FUN_0207fcfa,10,3
0x0207fd0e,FUN_0207fd0e,10,3
0x0208016a,FUN_0208016a,16,6
0x02080188,FUN_02080188,2,1
0x0208019a,FUN_0208019a,2,1
0x0208033a,FUN_0208033a,4,2
0x0208049e,FUN_0208049e,10,3
0x020804e0,FUN_020804e0,10,3
0x02080590,FUN_02080590,1,0
0x020805b6,FUN_020805b6,1,0
0x02080838,FUN_02080838,18,7
0x02080850,FUN_02080850,14,7
0x020808e8,FUN_020808e8,4,2
0x0208090a,FUN_0208090a,4,2
0x02080986,FUN_02080986,10,5
0x020809e0,FUN_020809e0,4,2
0x02080a06,FUN_02080a06,4,2
0x02080ab0,FUN_02080ab0,2,1
0x02080b42,FUN_02080b42,4,2
0x02080b88,FUN_02080b88,16,6
0x02080ce0,FUN_02080ce0,4,2
0x02080d22,FUN_02080d22,1,0
0x02080dfe,FUN_02080dfe,1,0
0x02080e60,FUN_02080e60,4,2
0x02081282,FUN_02081282,4,2
0x02081292,FUN_02081292,10,5
0x020812ce,FUN_020812ce,8,4
0x02081300,FUN_02081300,2,1
0x02081310,FUN_02081310,4,2
0x02081358,FUN_02081358,6,3
0x02081372,FUN_02081372,8,4
0x020813a4,FUN_020813a4,42,21
0x020813ce,FUN_020813ce,6,3
0x020813e4,FUN_020813e4,8,4
0x0208140e,FUN_0208140e,4,2
0x020814b8,FUN_020814b8,1,0
0x020814da,FUN_020814da,10,5
0x020814e4,FUN_020814e4,58,28
0x0208151e,FUN_0208151e,2,1
0x02081538,FUN_02081538,6,3
0x02081544,FUN_02081544,1,0
0x02081562,FUN_02081562,2,1
0x0208158a,FUN_0208158a,4,2
0x02081698,FUN_02081698,4,2
0x02081760,FUN_02081760,10,5
0x0208177c,FUN_0208177c,4,2
0x020817ae,FUN_020817ae,58,24
0x02081892,FUN_02081892,22,9
0x020818a8,FUN_020818a8,4,2
0x02081972,FUN_02081972,8,3
0x0208199e,FUN_0208199e,4,2
0x020819da,FUN_020819da,1,0
0x02081a3c,FUN_02081a3c,10,4
0x02081a46,FUN_02081a46,2,1
0x02081b52,FUN_02081b52,1,0
0x02081baa,FUN_02081baa,6,3
0x02081dfc,FUN_02081dfc,14,6
0x02081e1c,FUN_02081e1c,22,9
0x02081f48,FUN_02081f48,22,11
0x02081fe6,FUN_02081fe6,22,11
0x020820cc,FUN_020820cc,34,17
0x0208223e,FUN_0208223e,34,17
0x020824de,FUN_020824de,8,2
0x020824fa,FUN_020824fa,2,1
0x0208252c,FUN_0208252c,2,1
0x02082536,FUN_02082536,10,3
0x0208265e,FUN_0208265e,1,0
0x02082948,FUN_02082948,2,1
0x020829f2,FUN_020829f2,10,3
0x02082ad4,FUN_02082ad4,8,4
0x02082af4,FUN_02082af4,12,6
0x02082b80,FUN_02082b80,10,3
0x02082cfe,FUN_02082cfe,8,2
0x02082d24,FUN_02082d24,6,3
0x02082dfa,FUN_02082dfa,6,3
0x0208332a,FUN_0208332a,4,2
0x02083394,FUN_02083394,10,3
0x02083aa4,FUN_02083aa4,8,2
0x02083aca,FUN_02083aca,2,1
0x02083b00,FUN_02083b00,8,2
0x02083b1e,FUN_02083b1e,36,17
0x02083b42,FUN_02083b42,24,12
0x02083b5a,FUN_02083b5a,24,12
0x02083b72,FUN_02083b72,24,12
0x02083cf4,FUN_02083cf4,4,2
0x02083d24,FUN_02083d24,24,10
0x02083d3c,FUN_02083d3c,6,3
0x02083d7a,FUN_02083d7a,26,9
0x02083d94,FUN_02083d94,24,10
0x02083dac,FUN_02083dac,4,2
0x02083dd0,FUN_02083dd0,4,2
0x02083df6,FUN_02083df6,4,2
0x02083e1c,FUN_02083e1c,4,2
0x02083e40,FUN_02083e40,4,2
0x02083e64,FUN_02083e64,4,2
0x02083e8a,FUN_02083e8a,10,3
0x02083ea0,FUN_02083ea0,10,3
0x02083eb2,FUN_02083eb2,10,3
0x02083f48,FUN_02083f48,26,10
0x02083f62,FUN_02083f62,18,6
0x02083fb0,FUN_02083fb0,14,6
0x02083fe0,FUN_02083fe0,40,16
0x0208434e,FUN_0208434e,6,1
0x0208437c,FUN_0208437c,8,2
0x02084564,FUN_02084564,12,5
0x02084570,FUN_02084570,12,5
0x0208457c,FUN_0208457c,12,5
0x02084588,FUN_02084588,12,5
0x0208466a,FUN_0208466a,1,0
0x02084700,FUN_02084700,8,2
0x02084774,FUN_02084774,2,1
0x0208478a,FUN_0208478a,8,2
0x020847aa,FUN_020847aa,8,2
0x020847da,FUN_020847da,2,1
0x020847f2,FUN_020847f2,10,3
0x02084824,FUN_02084824,20,6
0x02084862,FUN_02084862,16,8
0x02084872,FUN_02084872,8,2
0x02084896,FUN_02084896,8,2
0x020848a6,FUN_020848a6,2,1
0x020848b0,FUN_020848b0,2,1
0x020848d0,FUN_020848d0,10,3
0x0208490e,FUN_0208490e,8,2
0x02084924,FUN_02084924,8,2
0x020849a4,FUN_020849a4,16,5
0x020849b4,FUN_020849b4,8,2
0x02084a30,FUN_02084a30,10,3
0x02084b74,FUN_02084b74,20,9
0x02084b88,FUN_02084b88,10,3
0x02084bbe,FUN_02084bbe,8,2
0x02084de8,FUN_02084de8,50,17
0x02084e22,FUN_02084e22,10,4
0x020856a0,FUN_020856a0,2,1
0x020856c8,FUN_020856c8,8,2
0x020856e2,FUN_020856e2,18,5
0x0208570a,FUN_0208570a,14,5
0x0208574e,FUN_0208574e,16,6
0x0208578c,FUN_0208578c,4,2
0x020857b4,FUN_020857b4,18,6
0x020857fe,FUN_020857fe,16,6
0x02085824,FUN_02085824,4,2
0x02085a28,FUN_02085a28,4,2
0x0208604e,FUN_0208604e,4,2
0x02086086,FUN_02086086,2,1
0x020862fa,FUN_020862fa,10,3
0x02086538,FUN_02086538,2,1
0x0208653c,FUN_0208653c,2,1
0x020867d2,FUN_020867d2,6,2
0x02086b44,FUN_02086b44,8,2
0x02086b76,FUN_02086b76,18,6
0x02086bc0,FUN_02086bc0,8,2
0x02086cb8,FUN_02086cb8,1,0
0x02086da2,FUN_02086da2,10,3
0x02086dec,FUN_02086dec,1,0
0x02086f2a,FUN_02086f2a,18,5
0x02086fb0,FUN_02086fb0,1,0
0x02086fe8,FUN_02086fe8,10,5
0x02087d86,FUN_02087d86,4,2
0x02088eee,FUN_02088eee,16,4
0x02088fc2,FUN_02088fc2,8,2
0x02089020,FUN_02089020,16,4
0x020890cc,FUN_020890cc,20,6
0x0208916c,FUN_0208916c,10,3
0x02089242,FUN_02089242,8,3
0x02089586,FUN_02089586,18,8
0x020895a0,FUN_020895a0,12,3
0x02089656,FUN_02089656,8,2
0x02089702,FUN_02089702,44,18
0x020898d8,FUN_020898d8,28,11
0x020898f4,FUN_020898f4,10,3
0x02089944,FUN_02089944,14,6
0x02089a40,FUN_02089a40,16,6
0x02089d38,FUN_02089d38,2,1
0x02089d74,FUN_02089d74,1,0
0x0208b604,FUN_0208b604,2,1
0x0208bb0a,FUN_0208bb0a,2,1
0x0208bb52,FUN_0208bb52,2,1
0x0208bb72,FUN_0208bb72,2,1
0x0208c17e,FUN_0208c17e,1,0
0x0208c198,FUN_0208c198,4,2
0x0208c1e6,FUN_0208c1e6,4,2
0x0208c200,FUN_0208c200,1,0
0x0208c3b4,FUN_0208c3b4,4,2
